genes,sequence,promoter,promoter_seq,fwd_primer,rev_primer1,rev_primer2,rev_primer3,upstream_re_site,downstream_re_site,name
"[""rspA"", ""rspB""]",ACCTGTAATTCCAAGCGTCTACTAGTTTTCATCTTTTGTCAACCATTCACAGCGCAAATATACGCCTTTTTTTGTGATCACTCCGGCTTTTTTCGATCTTTATACTTGTATGGTAGTAGCTCAGTTGCGTAGATTTCATGCATCACGACAAGCGATGCAAGGAATCGAACATGAAGATCGTAAAGGGGGCCCGGGCACAGCAATCAAAAGTCGTGTAAAATCCGAGAACCGAATACGTGCCTGAGACAAC,rspAp,TTTCATCTTTTGTCAACCATTCACAGCGCAAATATACGCCTTTTTTTGTGATCACTCCGGCTTTTTTCGATCTTTATACTTGTATGGTAGTAGCTCAGTTGCGTAGATTTCATGCATCACGACAAGCGATGCAAGGAATCGAACATGAAGATCGTAAAGG,"(100, (1, 20))","(100, (231, 250))","(101, (193, 211))","(202, (212, 230))",SpeI,ApaI,rspAp_0
"[""araA"", ""araB"", ""araD""]",ACCTGTAATTCCAAGCGTCTACTAGTTCCACATTGATTATTTGCACGGCGTCACACTTTGCTATGCCATAGCATTTTTATCCATAAGATTAGCGGATCCTACCTGACGCTTTTTATCGCAACTCTCTACTGTTTCTCCATACCCGTTTTTTTGGATGGAGTGAAACGATGGCGATTGCAATTGGCCGGGCCCGGGCACAGCAATCAAAAGTCGTGTAAAATCCGAGAACCGAATACGTGCCTGAGACAAC,araBp,TCCACATTGATTATTTGCACGGCGTCACACTTTGCTATGCCATAGCATTTTTATCCATAAGATTAGCGGATCCTACCTGACGCTTTTTATCGCAACTCTCTACTGTTTCTCCATACCCGTTTTTTTGGATGGAGTGAAACGATGGCGATTGCAATTGGCC,"(100, (1, 20))","(100, (231, 250))","(101, (193, 211))","(202, (212, 230))",SpeI,ApaI,araBp_0
"[""znuB"", ""znuC""]",ACCTGTAATTCCAAGCGTCTACTAGTGTGTTGCACCTCCCCAGAGAGCGGCGGATAATGCTGCGAAAAGAAGCGTTTTTTTATGTAACATAATGCGACCAATAATCGTAATGAATATGAGAAGTGTGATATTATAACATTTCATGACTACTGCAAGACTAAAATTAACATGACAAGTCTGGTTTCCGGGCCCGGGCACAGCAATCAAAAGTCGTGTAAAATCCGAGAACCGAATACGTGCCTGAGACAAC,znuCp,GTGTTGCACCTCCCCAGAGAGCGGCGGATAATGCTGCGAAAAGAAGCGTTTTTTTATGTAACATAATGCGACCAATAATCGTAATGAATATGAGAAGTGTGATATTATAACATTTCATGACTACTGCAAGACTAAAATTAACATGACAAGTCTGGTTTCC,"(100, (1, 20))","(100, (231, 250))","(101, (193, 211))","(202, (212, 230))",SpeI,ApaI,znuCp_0
"[""xylA"", ""xylB""]",ACCTGTAATTCCAAGCGTCTACTAGTCCAGTTTCATCATTCCATTTTATTTTGCGAGCGAGCGCACACTTGTGAATTATCTCAATAGCAGTGTGAAATAACATAATTGAGCAACTGAAAGGGAGTGCCCAATATTACGACATCATCCATCACCCGCGGCATTACCTGATTATGGAGTTCAATATGCGGGCCCGGGCACAGCAATCAAAAGTCGTGTAAAATCCGAGAACCGAATACGTGCCTGAGACAAC,xylAp,CCAGTTTCATCATTCCATTTTATTTTGCGAGCGAGCGCACACTTGTGAATTATCTCAATAGCAGTGTGAAATAACATAATTGAGCAACTGAAAGGGAGTGCCCAATATTACGACATCATCCATCACCCGCGGCATTACCTGATTATGGAGTTCAATATGC,"(100, (1, 20))","(100, (231, 250))","(101, (193, 211))","(202, (212, 230))",SpeI,ApaI,xylAp_0
"[""xylF"", ""xylG"", ""xylH"", ""xylR""]",ACCTGTAATTCCAAGCGTCTACTAGTAATTGCGCAACAAAAGTAAGATCTCGGTCATAAATCAAGAAATAAACCAAAAATCGTAATCGAAAGATAAAAATCTGTAATTGTTTTCCCCTGTTTAGTTGCTAAAAATTGGTTACGTTTATCGCGGTGATTGTTACTTATTAAAACTGTCCTCTAACTAGGGCCCGGGCACAGCAATCAAAAGTCGTGTAAAATCCGAGAACCGAATACGTGCCTGAGACAAC,xylFp,AATTGCGCAACAAAAGTAAGATCTCGGTCATAAATCAAGAAATAAACCAAAAATCGTAATCGAAAGATAAAAATCTGTAATTGTTTTCCCCTGTTTAGTTGCTAAAAATTGGTTACGTTTATCGCGGTGATTGTTACTTATTAAAACTGTCCTCTAACTA,"(100, (1, 20))","(100, (231, 250))","(101, (193, 211))","(202, (212, 230))",SpeI,ApaI,xylFp_0
"[""dicC"", ""ydfW"", ""ydfX""]",ACCTGTAATTCCAAGCGTCTACTAGTGAGGTTTTTCCGACGATACCTGATGCGTTCGCCGATAGTTAAATTTTTTGTTTCCATAGTTAGCTAATGCTAAATCGTATTGACTATGTTTTTGTTAACATCTATCTTGTTAGTTATGACTAACAATAAAGGTGTTTTAAATGCTTAAAACTGACGCTCTGGGCCCCCGGGATTCAGTGATTGAACGTGTAAAATCCGAGAACCGAATACGTGCCTGAGACAAC,dicCp,GAGGTTTTTCCGACGATACCTGATGCGTTCGCCGATAGTTAAATTTTTTGTTTCCATAGTTAGCTAATGCTAAATCGTATTGACTATGTTTTTGTTAACATCTATCTTGTTAGTTATGACTAACAATAAAGGTGTTTTAAATGCTTAAAACTGACGCTCT,"(100, (1, 20))","(100, (231, 250))","(102, (193, 211))","(202, (212, 230))",SpeI,ApaI,dicCp_0
"[""hokD"", ""relB"", ""relE""]",ACCTGTAATTCCAAGCGTCTACTAGTTGGACTTAGCAATGGCTGCTCCTGGCACAAAGCGGACAGTGATCACCGTTCTTACGACTACTTTCTGACTTCCTTCGTGACTTGCCCTAAGCATGTTGTAGTGCGATACTTGTAATGACATTTGTAATTACAAGAGGTGTAAGACATGGGTAGCATTAACGGGCCCCCGGGATTCAGTGATTGAACGTGTAAAATCCGAGAACCGAATACGTGCCTGAGACAAC,relBp,TGGACTTAGCAATGGCTGCTCCTGGCACAAAGCGGACAGTGATCACCGTTCTTACGACTACTTTCTGACTTCCTTCGTGACTTGCCCTAAGCATGTTGTAGTGCGATACTTGTAATGACATTTGTAATTACAAGAGGTGTAAGACATGGGTAGCATTAAC,"(100, (1, 20))","(100, (231, 250))","(102, (193, 211))","(202, (212, 230))",SpeI,ApaI,relBp_0
"[""ftsK""]",ACCTGTAATTCCAAGCGTCTACTAGTTTCTGGTATTCGTTGAGATTACTCTGAATCGTGGCGCACCGGATGTGTTTGAACAATTCAATACCGCTGTACAAAAACTTGAAGAAATTCAGGAGTGTCATTTAGTATCCGGTGATTTCGACTACCTGTTGAAAACACGCGTGCCGGATATGTCAGCCTAGGGCCCCCGGGATTCAGTGATTGAACGTGTAAAATCCGAGAACCGAATACGTGCCTGAGACAAC,ftsKp2,TTCTGGTATTCGTTGAGATTACTCTGAATCGTGGCGCACCGGATGTGTTTGAACAATTCAATACCGCTGTACAAAAACTTGAAGAAATTCAGGAGTGTCATTTAGTATCCGGTGATTTCGACTACCTGTTGAAAACACGCGTGCCGGATATGTCAGCCTA,"(100, (1, 20))","(100, (231, 250))","(102, (193, 211))","(202, (212, 230))",SpeI,ApaI,ftsKp2_0
"[""ftsK""]",ACCTGTAATTCCAAGCGTCTACTAGTACACGGACATACGTTGTTATGGAAGAAGTCAAGCAGAGTAATCGTCTGGTTATTAAGACGCGCTAACACGGAACAGGTGCAAAATCGGCGTATTTTGATTACACTCCTGTTAATCCATACAGCAACAGTACTGGGGTAACCTGGTACTGTTGTCCGTTTTGGGCCCCCGGGATTCAGTGATTGAACGTGTAAAATCCGAGAACCGAATACGTGCCTGAGACAAC,ftsKp1,ACACGGACATACGTTGTTATGGAAGAAGTCAAGCAGAGTAATCGTCTGGTTATTAAGACGCGCTAACACGGAACAGGTGCAAAATCGGCGTATTTTGATTACACTCCTGTTAATCCATACAGCAACAGTACTGGGGTAACCTGGTACTGTTGTCCGTTTT,"(100, (1, 20))","(100, (231, 250))","(102, (193, 211))","(202, (212, 230))",SpeI,ApaI,ftsKp1_0
"[""lacI""]",ACCTGTAATTCCAAGCGTCTACTAGTGAAGAAGGGGTTGAATCGCAGGCTATTCTGGTGGCCGGAAGGCGAAGCGGCATGCATTTACGTTGACACCATCGAATGGCGCAAAACCTTTCGCGGTATGGCATGATAGCGCCCGGAAGAGAGTCAATTCAGGGTGGTGAATGTGAAACCAGTAACGTTAGGGCCCCCGGGATTCAGTGATTGAACGTGTAAAATCCGAGAACCGAATACGTGCCTGAGACAAC,lacIp,GAAGAAGGGGTTGAATCGCAGGCTATTCTGGTGGCCGGAAGGCGAAGCGGCATGCATTTACGTTGACACCATCGAATGGCGCAAAACCTTTCGCGGTATGGCATGATAGCGCCCGGAAGAGAGTCAATTCAGGGTGGTGAATGTGAAACCAGTAACGTTA,"(100, (1, 20))","(100, (231, 250))","(102, (193, 211))","(202, (212, 230))",SpeI,ApaI,lacIp_0
"[""lacI"", ""mhpR""]",ACCTGTAATTCCAAGCGTCTACTAGTGCAGGCTGGATGTCAGGGTGTTGTATTGCCATTTCAGTACCTCACGACTCGGACAAAATGTCGTTGCGCGCACAGTACAGCGCAACTTATTTTGTTAAAAACATGTAAATGATTTTTTATTGTGCGCTCAGTATAGGAAGGGTGTTTTCGGCTACAATCAGGGCCCCCGGGATTCAGTGATTGAACGTGTAAAATCCGAGAACCGAATACGTGCCTGAGACAAC,mhpRp2,GCAGGCTGGATGTCAGGGTGTTGTATTGCCATTTCAGTACCTCACGACTCGGACAAAATGTCGTTGCGCGCACAGTACAGCGCAACTTATTTTGTTAAAAACATGTAAATGATTTTTTATTGTGCGCTCAGTATAGGAAGGGTGTTTTCGGCTACAATCA,"(100, (1, 20))","(100, (231, 250))","(102, (193, 211))","(202, (212, 230))",SpeI,ApaI,mhpRp2_0
"[""lacI"", ""mhpR""]",ACCTGTAATTCCAAGCGTCTACTAGTGGTTAACAGCAGGCTGGATGTCAGGGTGTTGTATTGCCATTTCAGTACCTCACGACTCGGACAAAATGTCGTTGCGCGCACAGTACAGCGCAACTTATTTTGTTAAAAACATGTAAATGATTTTTTATTGTGCGCTCAGTATAGGAAGGGTGTTTTCGGCGGGCCCCCGGGATTCAGTGATTGAACGTGTAAAATCCGAGAACCGAATACGTGCCTGAGACAAC,mhpRp1,GGTTAACAGCAGGCTGGATGTCAGGGTGTTGTATTGCCATTTCAGTACCTCACGACTCGGACAAAATGTCGTTGCGCGCACAGTACAGCGCAACTTATTTTGTTAAAAACATGTAAATGATTTTTTATTGTGCGCTCAGTATAGGAAGGGTGTTTTCGGC,"(100, (1, 20))","(100, (231, 250))","(102, (193, 211))","(202, (212, 230))",SpeI,ApaI,mhpRp1_0
"[""marA"", ""marB"", ""marR""]",ACCTGTAATTCCAAGCGTCTACTAGTCTCTTTAGCTAGCCTTGCATCGCATTGAACAAAACTTGAACCGATTTAGCAAAACGTGGCATCGGTCAATTCATTCATTTGACTTATACTTGCCTGGGCAATATTATCCCCTGCAACTAATTACTTGCCAGGGCAACTAATGTGAAAAGTACCAGCGATCGGGCCCTGAAGATATGACGACCCCTCGTGTAAAATCCGAGAACCGAATACGTGCCTGAGACAAC,marRp,CTCTTTAGCTAGCCTTGCATCGCATTGAACAAAACTTGAACCGATTTAGCAAAACGTGGCATCGGTCAATTCATTCATTTGACTTATACTTGCCTGGGCAATATTATCCCCTGCAACTAATTACTTGCCAGGGCAACTAATGTGAAAAGTACCAGCGATC,"(100, (1, 20))","(100, (231, 250))","(103, (193, 211))","(202, (212, 230))",SpeI,ApaI,marRp_0
"[""dgoA"", ""dgoD"", ""dgoK"", ""dgoR"", ""dgoT""]",ACCTGTAATTCCAAGCGTCTACTAGTTGTAGTACAACAATATAAGTTTGTACTACATTACACGCACGGCAAACGCGAACGTCATCACGCTGGTACTACAAAGTTGCCGCGTTATGCATCGATCGGGGTAAAGTAGAGAAGAACATACAGAGCACAAGGACTCTCCATGACTCTCAATAAAACCGATGGGCCCTGAAGATATGACGACCCCTCGTGTAAAATCCGAGAACCGAATACGTGCCTGAGACAAC,dgoRp,TGTAGTACAACAATATAAGTTTGTACTACATTACACGCACGGCAAACGCGAACGTCATCACGCTGGTACTACAAAGTTGCCGCGTTATGCATCGATCGGGGTAAAGTAGAGAAGAACATACAGAGCACAAGGACTCTCCATGACTCTCAATAAAACCGAT,"(100, (1, 20))","(100, (231, 250))","(103, (193, 211))","(202, (212, 230))",SpeI,ApaI,dgoRp_0
"[""envZ"", ""ompR""]",ACCTGTAATTCCAAGCGTCTACTAGTGCGTTTTCATCTCGTTGATTCCCTTTGTCTGTTTGATAATGCGCACATTGGGTATAACGTGATCATATCAACAGAATCAATAATGTTTCGCCGAATAAATTGTATACTTAAGCTGCTGTTTAATATGCTTTGTAACAATTTAGGCTGAAATTCATACCAGGGGCCCTGAAGATATGACGACCCCTACCAACGGAGATATGCTGAGAATACGTGCCTGAGACAAC,ompRp1,GCGTTTTCATCTCGTTGATTCCCTTTGTCTGTTTGATAATGCGCACATTGGGTATAACGTGATCATATCAACAGAATCAATAATGTTTCGCCGAATAAATTGTATACTTAAGCTGCTGTTTAATATGCTTTGTAACAATTTAGGCTGAAATTCATACCAG,"(100, (1, 20))","(100, (231, 250))","(103, (193, 211))","(208, (212, 230))",SpeI,ApaI,ompRp1_0
"[""envZ"", ""ompR""]",ACCTGTAATTCCAAGCGTCTACTAGTAATTAAGCTCTTGTTTGAGTTTTTCATACCCTTCCCGGGTAACCAGGGGCGTTTTCATCTCGTTGATTCCCTTTGTCTGTTTGATAATGCGCACATTGGGTATAACGTGATCATATCAACAGAATCAATAATGTTTCGCCGAATAAATTGTATACTTAAGGGGCCCTGAAGATATGACGACCCCTACCAACGGAGATATGCTGAGAATACGTGCCTGAGACAAC,ompRp4,AATTAAGCTCTTGTTTGAGTTTTTCATACCCTTCCCGGGTAACCAGGGGCGTTTTCATCTCGTTGATTCCCTTTGTCTGTTTGATAATGCGCACATTGGGTATAACGTGATCATATCAACAGAATCAATAATGTTTCGCCGAATAAATTGTATACTTAAG,"(100, (1, 20))","(100, (231, 250))","(103, (193, 211))","(208, (212, 230))",SpeI,ApaI,ompRp4_0
"[""envZ"", ""ompR""]",ACCTGTAATTCCAAGCGTCTACTAGTCTTTGTCTGTTTGATAATGCGCACATTGGGTATAACGTGATCATATCAACAGAATCAATAATGTTTCGCCGAATAAATTGTATACTTAAGCTGCTGTTTAATATGCTTTGTAACAATTTAGGCTGAAATTCATACCAGATTTAGCTGGTGACGAACGTGAGGGCCCTGAAGATATGACGACCCCTACCAACGGAGATATGCTGAGAATACGTGCCTGAGACAAC,ompRp2,CTTTGTCTGTTTGATAATGCGCACATTGGGTATAACGTGATCATATCAACAGAATCAATAATGTTTCGCCGAATAAATTGTATACTTAAGCTGCTGTTTAATATGCTTTGTAACAATTTAGGCTGAAATTCATACCAGATTTAGCTGGTGACGAACGTGA,"(100, (1, 20))","(100, (231, 250))","(103, (193, 211))","(208, (212, 230))",SpeI,ApaI,ompRp2_0
"[""envZ"", ""ompR""]",ACCTGTAATTCCAAGCGTCTACTAGTCAACAGAATCAATAATGTTTCGCCGAATAAATTGTATACTTAAGCTGCTGTTTAATATGCTTTGTAACAATTTAGGCTGAAATTCATACCAGATTTAGCTGGTGACGAACGTGAGCTTTTTTAAGAATACACGCTTACAAATTGTTGCGAACCTTTGGGAGGGCCCTGAAGATATGACGACCCCTACCAACGGAGATATGCTGAGAATACGTGCCTGAGACAAC,ompRp3,CAACAGAATCAATAATGTTTCGCCGAATAAATTGTATACTTAAGCTGCTGTTTAATATGCTTTGTAACAATTTAGGCTGAAATTCATACCAGATTTAGCTGGTGACGAACGTGAGCTTTTTTAAGAATACACGCTTACAAATTGTTGCGAACCTTTGGGA,"(100, (1, 20))","(100, (231, 250))","(103, (193, 211))","(208, (212, 230))",SpeI,ApaI,ompRp3_0
"[""araC""]",ACCTGTAATTCCAAGCGTCTACTAGTGTCAGGTAGGATCCGCTAATCTTATGGATAAAAATGCTATGGCATAGCAAAGTGTGACGCCGTGCAAATAATCAATGTGGACTTTTCTGCCGTGATTATAGACACTTTTGTTACGCGTTTTTGTCATGGCTTTGGTCCCGCTTTGTTACAGAATGCTTTTGGGCCCTGAAGATATGACGACCCCTCGTGTAAAATCCGAGAACCGAATACGTGCCTGAGACAAC,araCp,GTCAGGTAGGATCCGCTAATCTTATGGATAAAAATGCTATGGCATAGCAAAGTGTGACGCCGTGCAAATAATCAATGTGGACTTTTCTGCCGTGATTATAGACACTTTTGTTACGCGTTTTTGTCATGGCTTTGGTCCCGCTTTGTTACAGAATGCTTTT,"(100, (1, 20))","(100, (231, 250))","(103, (193, 211))","(202, (212, 230))",SpeI,ApaI,araCp_0
"[""blr""]",ACCTGTAATTCCAAGCGTCTACTAGTGTTGTTTAACTTAAGTCAAAAAAATAGCGAATTTTCCAACGACAAAAGCTAAATATCGCAAAAACCTCAGTAAAAATCTTGCTGGAGCTATTATTGCTAAGTAACATTTACCCCCTGAAGTTAATGGATCAATCAAGAGAGATGTGGGCTGTAATGAATCGGGCCCTGAAGATATGACGACCCCTCGTAAGGACAGTAGCAAGGGAATACGTGCCTGAGACAAC,blrp,GTTGTTTAACTTAAGTCAAAAAAATAGCGAATTTTCCAACGACAAAAGCTAAATATCGCAAAAACCTCAGTAAAAATCTTGCTGGAGCTATTATTGCTAAGTAACATTTACCCCCTGAAGTTAATGGATCAATCAAGAGAGATGTGGGCTGTAATGAATC,"(100, (1, 20))","(100, (231, 250))","(103, (193, 211))","(201, (212, 230))",SpeI,ApaI,blrp_0
"[""gyrA""]",ACCTGTAATTCCAAGCGTCTACTAGTTTCATTGGCACTTCTACTCCGTAATTGGCAAGACAAACGAGTATATCAGGCATTGGATGTGAATAAAGCGTATAGGTTTACCTCAAACTGCGCGGCTGTGTTATAATTTGCGACCTTTGAATCCGGGATACAGTAGAGGGATAGCGGTTAGATGAGCGACGGGCCCTTCCACAGCTCTATGAGGTCGTAAGGACAGTAGCAAGGGAATACGTGCCTGAGACAAC,gyrAp,TTCATTGGCACTTCTACTCCGTAATTGGCAAGACAAACGAGTATATCAGGCATTGGATGTGAATAAAGCGTATAGGTTTACCTCAAACTGCGCGGCTGTGTTATAATTTGCGACCTTTGAATCCGGGATACAGTAGAGGGATAGCGGTTAGATGAGCGAC,"(100, (1, 20))","(100, (231, 250))","(104, (193, 211))","(201, (212, 230))",SpeI,ApaI,gyrAp_0
"[""ghoS"", ""ghoT""]",ACCTGTAATTCCAAGCGTCTACTAGTGCACAAAGAATGGGCAGAGAGCGCGTTTTTTTGTCCCAAGTCATCCCCTTTACTGAGCAAAAAAAAGAATATCTCCTATATGAGAATCATCAATCGGGGTTAATAAGTTTTGCGTCCCCAGAGCGTTTAATATTGATAGGAGTCATATTATGGAAGGTAAGGGCCCTTCCACAGCTCTATGAGGTCGTAAGGACAGTAGCAAGGGAATACGTGCCTGAGACAAC,ghoSp,GCACAAAGAATGGGCAGAGAGCGCGTTTTTTTGTCCCAAGTCATCCCCTTTACTGAGCAAAAAAAAGAATATCTCCTATATGAGAATCATCAATCGGGGTTAATAAGTTTTGCGTCCCCAGAGCGTTTAATATTGATAGGAGTCATATTATGGAAGGTAA,"(100, (1, 20))","(100, (231, 250))","(104, (193, 211))","(201, (212, 230))",SpeI,ApaI,ghoSp_0
"[""ihfA""]",ACCTGTAATTCCAAGCGTCTACTAGTCCGGCGAACCGTCGTGACATCGCGGTGGTGGTCGCAGAAAACGTTCCCGCAGCGGATATTTTATCCGAATGTAAGAAAGTTGGCGTAAATCAGGTAGTTGGCGTAAACTTATTTGACGTGTACCGCGGTAAGGGTGTTGCGGAGGGGTATAAGAGCCTCGGGGCCCTTCCACAGCTCTATGAGGTACCAACGGAGATATGCTGAGAATACGTGCCTGAGACAAC,ihfAp4,CCGGCGAACCGTCGTGACATCGCGGTGGTGGTCGCAGAAAACGTTCCCGCAGCGGATATTTTATCCGAATGTAAGAAAGTTGGCGTAAATCAGGTAGTTGGCGTAAACTTATTTGACGTGTACCGCGGTAAGGGTGTTGCGGAGGGGTATAAGAGCCTCG,"(100, (1, 20))","(100, (231, 250))","(104, (193, 211))","(208, (212, 230))",SpeI,ApaI,ihfAp4_0
"[""ihfA"", ""pheM"", ""pheS"", ""pheT""]",ACCTGTAATTCCAAGCGTCTACTAGTAAGCGAAAGCAGCTCTGGCATAAGCCAGTTGAAAGAGGGAGCTAGTCTCCCTCTTTTCGTTTCAACGCCATCAAAACATTGACTTTTATCGCCGTAGCCTTTTCAATAAAGGTCTTTTGAAGAGTACCAAAAGGTAACGCAAGCAATGAATGCTGCTATTGGGCCCTTCCACAGCTCTATGAGGTACCAACGGAGATATGCTGAGAATACGTGCCTGAGACAAC,pheMp,AAGCGAAAGCAGCTCTGGCATAAGCCAGTTGAAAGAGGGAGCTAGTCTCCCTCTTTTCGTTTCAACGCCATCAAAACATTGACTTTTATCGCCGTAGCCTTTTCAATAAAGGTCTTTTGAAGAGTACCAAAAGGTAACGCAAGCAATGAATGCTGCTATT,"(100, (1, 20))","(100, (231, 250))","(104, (193, 211))","(208, (212, 230))",SpeI,ApaI,pheMp_0
"[""ompF""]",ACCTGTAATTCCAAGCGTCTACTAGTAAAGTTCCTTAAATTTTACTTTTGGTTACATATTTTTTCTTTTTGAAACCAAATCTTTATCTTTGTAGCACTTTCACGGTAGCGAAACGTTAGTTTGAATGGAAAGATGCCTGCAGACACATAAAGACACCAAACTCTCATCAATAGTTCCGTAAATTTTGGGCCCTTCCACAGCTCTATGAGGTACCAACGGAGATATGCTGAGAATACGTGCCTGAGACAAC,ompFp,AAAGTTCCTTAAATTTTACTTTTGGTTACATATTTTTTCTTTTTGAAACCAAATCTTTATCTTTGTAGCACTTTCACGGTAGCGAAACGTTAGTTTGAATGGAAAGATGCCTGCAGACACATAAAGACACCAAACTCTCATCAATAGTTCCGTAAATTTT,"(100, (1, 20))","(100, (231, 250))","(104, (193, 211))","(208, (212, 230))",SpeI,ApaI,ompFp_0
"[""ompF""]",ACCTGTAATTCCAAGCGTCTACTAGTAAAGTTCCTTAAATTTTACTTTTGGTTACATATTTTTTCTTTTTGAAACCAAATCTTTATCTTTGTAGCACTTTCACGGTAGCGAAACGTTAGTTTGAATGGAAAGATGCCTGCAGACACATAAAGACACCAAACTCTCATCAATAGTTCCGTAAATTTTGGGCCCTTCCACAGCTCTATGAGGTACCAACGGAGATATGCTGAGAATACGTGCCTGAGACAAC,ompFp2,AAAGTTCCTTAAATTTTACTTTTGGTTACATATTTTTTCTTTTTGAAACCAAATCTTTATCTTTGTAGCACTTTCACGGTAGCGAAACGTTAGTTTGAATGGAAAGATGCCTGCAGACACATAAAGACACCAAACTCTCATCAATAGTTCCGTAAATTTT,"(100, (1, 20))","(100, (231, 250))","(104, (193, 211))","(208, (212, 230))",SpeI,ApaI,ompFp2_0
"[""emrA"", ""emrB"", ""mprA""]",ACCTGTAATTCCAAGCGTCTACTAGTGTGCGCTGGCCTATGGGCTCGCCTGGAAAGTGATGGCGATTATATAACCCACAAGAATCATTTTTCTAAAACAATACATTTACTTTATTTGTCACTGTCGTTACTATATCGGCTGAAATTAATGAGGTCATACCCAAATGGATAGTTCGTTTACGCCCATGGGCCCGCAAACATGACTAGGAACCCGTAAGGACAGTAGCAAGGGAATACGTGCCTGAGACAAC,mprAp,GTGCGCTGGCCTATGGGCTCGCCTGGAAAGTGATGGCGATTATATAACCCACAAGAATCATTTTTCTAAAACAATACATTTACTTTATTTGTCACTGTCGTTACTATATCGGCTGAAATTAATGAGGTCATACCCAAATGGATAGTTCGTTTACGCCCAT,"(100, (1, 20))","(100, (231, 250))","(105, (193, 211))","(201, (212, 230))",SpeI,ApaI,mprAp_0
"[""crp""]",ACCTGTAATTCCAAGCGTCTACTAGTAATTTTCCTGACAGAGTACGCGTACTAACCAAATCGCGCAACGGAAGGCGACCTGGGTCATGCTGAAGCGAGACACCAGGAGACACAAAGCGAAAGCTATGCTAAAACAGTCAGGATGCTACAGTAATACATTGATGTACTGCATGTATGCAAAGGACGTGGGCCCGCAAACATGACTAGGAACCACCAACGGAGATATGCTGAGAATACGTGCCTGAGACAAC,crpp1,AATTTTCCTGACAGAGTACGCGTACTAACCAAATCGCGCAACGGAAGGCGACCTGGGTCATGCTGAAGCGAGACACCAGGAGACACAAAGCGAAAGCTATGCTAAAACAGTCAGGATGCTACAGTAATACATTGATGTACTGCATGTATGCAAAGGACGT,"(100, (1, 20))","(100, (231, 250))","(105, (193, 211))","(208, (212, 230))",SpeI,ApaI,crpp1_0
"[""crp""]",ACCTGTAATTCCAAGCGTCTACTAGTACACCAGGAGACACAAAGCGAAAGCTATGCTAAAACAGTCAGGATGCTACAGTAATACATTGATGTACTGCATGTATGCAAAGGACGTCACATTACCGTGCAGTACAGTTGATAGCCCCTTCCCAGGTAGCGGGAAGCATATTTCGGCAATCCAGAGACAGGGCCCGCAAACATGACTAGGAACCACCAACGGAGATATGCTGAGAATACGTGCCTGAGACAAC,crpp3,ACACCAGGAGACACAAAGCGAAAGCTATGCTAAAACAGTCAGGATGCTACAGTAATACATTGATGTACTGCATGTATGCAAAGGACGTCACATTACCGTGCAGTACAGTTGATAGCCCCTTCCCAGGTAGCGGGAAGCATATTTCGGCAATCCAGAGACA,"(100, (1, 20))","(100, (231, 250))","(105, (193, 211))","(208, (212, 230))",SpeI,ApaI,crpp3_0
"[""crp""]",ACCTGTAATTCCAAGCGTCTACTAGTGGAGACACAAAGCGAAAGCTATGCTAAAACAGTCAGGATGCTACAGTAATACATTGATGTACTGCATGTATGCAAAGGACGTCACATTACCGTGCAGTACAGTTGATAGCCCCTTCCCAGGTAGCGGGAAGCATATTTCGGCAATCCAGAGACAGCGGCGGGGCCCGCAAACATGACTAGGAACCACCAACGGAGATATGCTGAGAATACGTGCCTGAGACAAC,crpp2,GGAGACACAAAGCGAAAGCTATGCTAAAACAGTCAGGATGCTACAGTAATACATTGATGTACTGCATGTATGCAAAGGACGTCACATTACCGTGCAGTACAGTTGATAGCCCCTTCCCAGGTAGCGGGAAGCATATTTCGGCAATCCAGAGACAGCGGCG,"(100, (1, 20))","(100, (231, 250))","(105, (193, 211))","(208, (212, 230))",SpeI,ApaI,crpp2_0
"[""galS""]",ACCTGTAATTCCAAGCGTCTACTAGTAAAACATCAAGATAACGATCTGGATCACATTCGTTAACAAAACGGCTGTAACCGTTTCCATTGCTGTGACTCGATTCACGAAGTCCTGTATTCAGTGCTGACAAAATAGCCGCCAGCAAGCAGTCATTTACTGCAATCTCATAACAGGTAGTGAATATGAGGGCCCGCAAACATGACTAGGAACCACCAACGGAGATATGCTGAGAATACGTGCCTGAGACAAC,galSp,AAAACATCAAGATAACGATCTGGATCACATTCGTTAACAAAACGGCTGTAACCGTTTCCATTGCTGTGACTCGATTCACGAAGTCCTGTATTCAGTGCTGACAAAATAGCCGCCAGCAAGCAGTCATTTACTGCAATCTCATAACAGGTAGTGAATATGA,"(100, (1, 20))","(100, (231, 250))","(105, (193, 211))","(208, (212, 230))",SpeI,ApaI,galSp_0
"[""mglA"", ""mglB"", ""mglC""]",ACCTGTAATTCCAAGCGTCTACTAGTCAACACGCCAGAATGCGGCGGCGATCACTAACTCAACAAATCAGGCGATGTAACCGCTTTCAATCTGTGAGTGATTTCACAGTATCTTAACAATGTGATAGCTATGATTGCACCGTTTTAACGTTGTAACCCGTATGTAACAGTGAATAATCACTTTTGCGGGCCCGCAAACATGACTAGGAACCCATTTCCGATACACCGAAGGAATACGTGCCTGAGACAAC,mglBp,CAACACGCCAGAATGCGGCGGCGATCACTAACTCAACAAATCAGGCGATGTAACCGCTTTCAATCTGTGAGTGATTTCACAGTATCTTAACAATGTGATAGCTATGATTGCACCGTTTTAACGTTGTAACCCGTATGTAACAGTGAATAATCACTTTTGC,"(100, (1, 20))","(100, (231, 250))","(105, (193, 211))","(203, (212, 230))",SpeI,ApaI,mglBp_0
"[""mglA"", ""mglB"", ""mglC""]",ACCTGTAATTCCAAGCGTCTACTAGTCAACACGCCAGAATGCGGCGGCGATCACTAACTCAACAAATCAGGCGATGTAACCGCTTTCAATCTGTGAGTGATTTCACAGTATCTTAACAATGTGATAGCTATGATTGCACCGTTTTAACGTTGTAACCCGTATGTAACAGTGAATAATCACTTTTGCGGGCCCGCAAACATGACTAGGAACCCATTTCCGATACACCGAAGGAATACGTGCCTGAGACAAC,mglBp2,CAACACGCCAGAATGCGGCGGCGATCACTAACTCAACAAATCAGGCGATGTAACCGCTTTCAATCTGTGAGTGATTTCACAGTATCTTAACAATGTGATAGCTATGATTGCACCGTTTTAACGTTGTAACCCGTATGTAACAGTGAATAATCACTTTTGC,"(100, (1, 20))","(100, (231, 250))","(105, (193, 211))","(203, (212, 230))",SpeI,ApaI,mglBp2_0
"[""galE"", ""galK"", ""galM"", ""galT""]",ACCTGTAATTCCAAGCGTCTACTAGTCTGTTTTATAATCACTTAATCGCGCATAAAAAACGGCTAAATTCTTGTGTAAACGATTCCACTAATTTATTCCATGTCACACTTTTCGCATCTTTGTTATGCTATGGTTATTTCATACCATAAGCCTAATGGAGCGAATTATGAGAGTTCTGGTTACCGGGGGCCCGCAAACATGACTAGGAACCACCAACGGAGATATGCTGAGAATACGTGCCTGAGACAAC,galEp1,CTGTTTTATAATCACTTAATCGCGCATAAAAAACGGCTAAATTCTTGTGTAAACGATTCCACTAATTTATTCCATGTCACACTTTTCGCATCTTTGTTATGCTATGGTTATTTCATACCATAAGCCTAATGGAGCGAATTATGAGAGTTCTGGTTACCGG,"(100, (1, 20))","(100, (231, 250))","(105, (193, 211))","(208, (212, 230))",SpeI,ApaI,galEp1_0
"[""galE"", ""galK"", ""galM"", ""galT""]",ACCTGTAATTCCAAGCGTCTACTAGTACCCTCTGTTTTATAATCACTTAATCGCGCATAAAAAACGGCTAAATTCTTGTGTAAACGATTCCACTAATTTATTCCATGTCACACTTTTCGCATCTTTGTTATGCTATGGTTATTTCATACCATAAGCCTAATGGAGCGAATTATGAGAGTTCTGGTTGGGCCCGCAAACATGACTAGGAACCACCAACGGAGATATGCTGAGAATACGTGCCTGAGACAAC,galEp2,ACCCTCTGTTTTATAATCACTTAATCGCGCATAAAAAACGGCTAAATTCTTGTGTAAACGATTCCACTAATTTATTCCATGTCACACTTTTCGCATCTTTGTTATGCTATGGTTATTTCATACCATAAGCCTAATGGAGCGAATTATGAGAGTTCTGGTT,"(100, (1, 20))","(100, (231, 250))","(105, (193, 211))","(208, (212, 230))",SpeI,ApaI,galEp2_0
"[""galE"", ""galK"", ""galM"", ""galT""]",ACCTGTAATTCCAAGCGTCTACTAGTGGCGGCCTTAGCACCCTCTCCGGCCAACGGTTCGACGCATGCAGGCATGAAACCGCGTCTTTTTTCAGATAAAAAGCGCAATCATTCATAAACCCTCTGTTTTATAATCACTTAATCGCGCATAAAAAACGGCTAAATTCTTGTGTAAACGATTCCACTAGGGCCCGCAAACATGACTAGGAACCACCAACGGAGATATGCTGAGAATACGTGCCTGAGACAAC,galEp3,GGCGGCCTTAGCACCCTCTCCGGCCAACGGTTCGACGCATGCAGGCATGAAACCGCGTCTTTTTTCAGATAAAAAGCGCAATCATTCATAAACCCTCTGTTTTATAATCACTTAATCGCGCATAAAAAACGGCTAAATTCTTGTGTAAACGATTCCACTA,"(100, (1, 20))","(100, (231, 250))","(105, (193, 211))","(208, (212, 230))",SpeI,ApaI,galEp3_0
"[""galE"", ""galK"", ""galT""]",ACCTGTAATTCCAAGCGTCTACTAGTCTGTTTTATAATCACTTAATCGCGCATAAAAAACGGCTAAATTCTTGTGTAAACGATTCCACTAATTTATTCCATGTCACACTTTTCGCATCTTTGTTATGCTATGGTTATTTCATACCATAAGCCTAATGGAGCGAATTATGAGAGTTCTGGTTACCGGGGGCCCCCGGGACGAGATTAGTACAACCAACGGAGATATGCTGAGAATACGTGCCTGAGACAAC,galEp,CTGTTTTATAATCACTTAATCGCGCATAAAAAACGGCTAAATTCTTGTGTAAACGATTCCACTAATTTATTCCATGTCACACTTTTCGCATCTTTGTTATGCTATGGTTATTTCATACCATAAGCCTAATGGAGCGAATTATGAGAGTTCTGGTTACCGG,"(100, (1, 20))","(100, (231, 250))","(106, (193, 211))","(208, (212, 230))",SpeI,ApaI,galEp_0
"[""prlF"", ""yhaV""]",ACCTGTAATTCCAAGCGTCTACTAGTTTTTGGAACGTCCCTCGCAAAACATGGCCTTAGTGCCATGTTTTTATTGTTTAAAGCCCCCACGTCCATTAATAATGCATTTGCATTACCTTAGTTCAAGCTTATAATTTGAGCAGAAAACAGGCTGTAAAAGGACAGTGAATCATGCCCGCTAATGCTCGGGCCCCCGGGACGAGATTAGTACACGTAAGGACAGTAGCAAGGGAATACGTGCCTGAGACAAC,sohAp,TTTTGGAACGTCCCTCGCAAAACATGGCCTTAGTGCCATGTTTTTATTGTTTAAAGCCCCCACGTCCATTAATAATGCATTTGCATTACCTTAGTTCAAGCTTATAATTTGAGCAGAAAACAGGCTGTAAAAGGACAGTGAATCATGCCCGCTAATGCTC,"(100, (1, 20))","(100, (231, 250))","(106, (193, 211))","(201, (212, 230))",SpeI,ApaI,sohAp_0
"[""hdeA"", ""hdeB"", ""yhiD""]",ACCTGTAATTCCAAGCGTCTACTAGTTTCCTAATTGCAGTATCTGATGCATCTGTAACTCATTGTATTGAAATAAAAATATCTGATTTTGATATTTTCCATCAACATGACATATACAGAAAACCAGGTTATAACCTCAGTGTCGAAATTGATTCGTGACGGCTCTTTCACTTTATAGTTGAGGATAGGGCCCCCGGGACGAGATTAGTACACATTTCCGATACACCGAAGGAATACGTGCCTGAGACAAC,hdeAp2,TTCCTAATTGCAGTATCTGATGCATCTGTAACTCATTGTATTGAAATAAAAATATCTGATTTTGATATTTTCCATCAACATGACATATACAGAAAACCAGGTTATAACCTCAGTGTCGAAATTGATTCGTGACGGCTCTTTCACTTTATAGTTGAGGATA,"(100, (1, 20))","(100, (231, 250))","(106, (193, 211))","(203, (212, 230))",SpeI,ApaI,hdeAp2_0
"[""hdeA"", ""hdeB"", ""yhiD""]",ACCTGTAATTCCAAGCGTCTACTAGTTTCCTAATTGCAGTATCTGATGCATCTGTAACTCATTGTATTGAAATAAAAATATCTGATTTTGATATTTTCCATCAACATGACATATACAGAAAACCAGGTTATAACCTCAGTGTCGAAATTGATTCGTGACGGCTCTTTCACTTTATAGTTGAGGATAGGGCCCCCGGGACGAGATTAGTACACATTTCCGATACACCGAAGGAATACGTGCCTGAGACAAC,hdeAp,TTCCTAATTGCAGTATCTGATGCATCTGTAACTCATTGTATTGAAATAAAAATATCTGATTTTGATATTTTCCATCAACATGACATATACAGAAAACCAGGTTATAACCTCAGTGTCGAAATTGATTCGTGACGGCTCTTTCACTTTATAGTTGAGGATA,"(100, (1, 20))","(100, (231, 250))","(106, (193, 211))","(203, (212, 230))",SpeI,ApaI,hdeAp_0
"[""aceA"", ""aceB"", ""aceK""]",ACCTGTAATTCCAAGCGTCTACTAGTGTACCTCAGCAGGTGAATAAATTTTATTCATATTGTTATCAACAAGTTATCAAGTATTTTTAATTAAAATGGAAATTGTTTTTGATTTTGCATTTTAAATGAGTAGTCTTAGTTGTGCTGAACGAAAAGAGCACAACGATCCTTCGTTCACAGTGGGGAAGGGCCCCCGGGACGAGATTAGTACACATTTCCGATACACCGAAGGAATACGTGCCTGAGACAAC,aceBp,GTACCTCAGCAGGTGAATAAATTTTATTCATATTGTTATCAACAAGTTATCAAGTATTTTTAATTAAAATGGAAATTGTTTTTGATTTTGCATTTTAAATGAGTAGTCTTAGTTGTGCTGAACGAAAAGAGCACAACGATCCTTCGTTCACAGTGGGGAA,"(100, (1, 20))","(100, (231, 250))","(106, (193, 211))","(203, (212, 230))",SpeI,ApaI,aceBp_0
"[""ecnB""]",ACCTGTAATTCCAAGCGTCTACTAGTGAAGACATCAAACATCTCGGCAACTCCATCTCTCGCGCTGCCAGCTAATTTTTCTTCTCTTCCGAAAAATCATCAGATTCCCATCATTTTTGGCGATGTTGTCTATTATTAATTTGCTATAGGCAAACATAAATAACATTACCTAAAAGGAAGACGTTATGGGCCCCCGGGACGAGATTAGTACACATTTCCGATACACCGAAGGAATACGTGCCTGAGACAAC,ecnBp,GAAGACATCAAACATCTCGGCAACTCCATCTCTCGCGCTGCCAGCTAATTTTTCTTCTCTTCCGAAAAATCATCAGATTCCCATCATTTTTGGCGATGTTGTCTATTATTAATTTGCTATAGGCAAACATAAATAACATTACCTAAAAGGAAGACGTTAT,"(100, (1, 20))","(100, (231, 250))","(106, (193, 211))","(203, (212, 230))",SpeI,ApaI,ecnBp_0
"[""mcbA""]",ACCTGTAATTCCAAGCGTCTACTAGTCGTTTATCATTCCCCAAAACCTTAACATGGCTATGGTTTATGGCAATTCATCATAAAAATCAGCATTATGCATGTCATTGATTTGTCTTATTTTGTAAAAATATATCGTTCAAAAAATAAGCACATCTCTGTCAATTTTTTGCGTCATTTGCATCGCGCAGGGCCCCACGCCAGTTGTGAACATACATTTCCGATACACCGAAGGAATACGTGCCTGAGACAAC,mcbAp5,CGTTTATCATTCCCCAAAACCTTAACATGGCTATGGTTTATGGCAATTCATCATAAAAATCAGCATTATGCATGTCATTGATTTGTCTTATTTTGTAAAAATATATCGTTCAAAAAATAAGCACATCTCTGTCAATTTTTTGCGTCATTTGCATCGCGCA,"(100, (1, 20))","(100, (231, 250))","(107, (193, 211))","(203, (212, 230))",SpeI,ApaI,mcbAp5_0
"[""tnaA"", ""tnaB"", ""tnaC""]",ACCTGTAATTCCAAGCGTCTACTAGTAATTTATAATCTTTAAAAAAAGCATTTAATATTGCTCCCCGAACGATTGTGATTCGATTCACATTTAAACAATTTCAGAATAGACAAAAACTCTGAGTGTAATAATGTAGCCTCGTGTCTTGCGAGGATAAGTGCATTATGAATATCTTACATATATGTGGGGCCCCACGCCAGTTGTGAACATACATTTCCGATACACCGAAGGAATACGTGCCTGAGACAAC,tnaCp,AATTTATAATCTTTAAAAAAAGCATTTAATATTGCTCCCCGAACGATTGTGATTCGATTCACATTTAAACAATTTCAGAATAGACAAAAACTCTGAGTGTAATAATGTAGCCTCGTGTCTTGCGAGGATAAGTGCATTATGAATATCTTACATATATGTG,"(100, (1, 20))","(100, (231, 250))","(107, (193, 211))","(203, (212, 230))",SpeI,ApaI,tnaCp_0
"[""gatA"", ""gatB"", ""gatC"", ""gatD"", ""gatY"", ""gatZ""]",ACCTGTAATTCCAAGCGTCTACTAGTGGCTTCCCTATCGGGAGGCCGTTTTTTTGCCTTTCACTCCTCGAATAATTTTCATATTGTCGTTTTTGTGATCGTTATCTCGATATTTAAAAACAAATAATTTCATTATATTTTGAAATCGAAAACAAACGACAGGATATGAAAATGTACGTGGTATCGAGGGCCCCACGCCAGTTGTGAACATACATTTCCGATACACCGAAGGAATACGTGCCTGAGACAAC,gatYp,GGCTTCCCTATCGGGAGGCCGTTTTTTTGCCTTTCACTCCTCGAATAATTTTCATATTGTCGTTTTTGTGATCGTTATCTCGATATTTAAAAACAAATAATTTCATTATATTTTGAAATCGAAAACAAACGACAGGATATGAAAATGTACGTGGTATCGA,"(100, (1, 20))","(100, (231, 250))","(107, (193, 211))","(203, (212, 230))",SpeI,ApaI,gatYp_0
"[""gatA"", ""gatB"", ""gatC"", ""gatD"", ""gatZ""]",ACCTGTAATTCCAAGCGTCTACTAGTAAACCATCAAACTGGGGATATGCAAAATCAACGTTGCAACGGAGCTGAAAAATGCCTTCTCGCAGGCGTTAAAAAATTACCTGACCGAGCACCCTGAAGCGACCGATCCCCGGGATTATTTGCAGTCGGCTAAATCCGCAATGCGCGATGTGGTGAGCAAGGGCCCCACGCCAGTTGTGAACATACATTTCCGATACACCGAAGGAATACGTGCCTGAGACAAC,gatZp,AAACCATCAAACTGGGGATATGCAAAATCAACGTTGCAACGGAGCTGAAAAATGCCTTCTCGCAGGCGTTAAAAAATTACCTGACCGAGCACCCTGAAGCGACCGATCCCCGGGATTATTTGCAGTCGGCTAAATCCGCAATGCGCGATGTGGTGAGCAA,"(100, (1, 20))","(100, (231, 250))","(107, (193, 211))","(203, (212, 230))",SpeI,ApaI,gatZp_0
"[""lpp""]",ACCTGTAATTCCAAGCGTCTACTAGTGAAGCAATAAAAAATCAAATCGGATTTCACTATATAATCTCACTTTATCTAAGATGAATCCGATGGAAGCATCCTGTTTTCTCTCAATTTTTTTATCTAAAACCCAGCGTTCGATGCTTCTTTGAGCGAACGATCAAAAATAAGTGCCTTCCCATCAAAAGGGCCCCACGCCAGTTGTGAACATACATTTCCGATACACCGAAGGAATACGTGCCTGAGACAAC,lppp2,GAAGCAATAAAAAATCAAATCGGATTTCACTATATAATCTCACTTTATCTAAGATGAATCCGATGGAAGCATCCTGTTTTCTCTCAATTTTTTTATCTAAAACCCAGCGTTCGATGCTTCTTTGAGCGAACGATCAAAAATAAGTGCCTTCCCATCAAAA,"(100, (1, 20))","(100, (231, 250))","(107, (193, 211))","(203, (212, 230))",SpeI,ApaI,lppp2_0
"[""lpp""]",ACCTGTAATTCCAAGCGTCTACTAGTTTTTTTTATCTAAAACCCAGCGTTCGATGCTTCTTTGAGCGAACGATCAAAAATAAGTGCCTTCCCATCAAAAAAATATTCTCAACATAAAAAACTTTGTGTAATACTTGTAACGCTACATGGAGATTAACTCAATCTAGAGGGTATTAATAATGAAAGCGGGCCCCACGCCAGTTGTGAACATACATTTCCGATACACCGAAGGAATACGTGCCTGAGACAAC,lpp,TTTTTTTATCTAAAACCCAGCGTTCGATGCTTCTTTGAGCGAACGATCAAAAATAAGTGCCTTCCCATCAAAAAAATATTCTCAACATAAAAAACTTTGTGTAATACTTGTAACGCTACATGGAGATTAACTCAATCTAGAGGGTATTAATAATGAAAGC,"(100, (1, 20))","(100, (231, 250))","(107, (193, 211))","(203, (212, 230))",SpeI,ApaI,lpp_0
"[""cusA"", ""cusB"", ""cusC"", ""cusF""]",ACCTGTAATTCCAAGCGTCTACTAGTTGCCCGGGCAATTCTAGAGTAGCGGGATCAGATGGCAATCGCTTATTGGCAAAATGACAATTTTGTCATTTTTCTGTCACCGGAAAATCAGAGCCTGGCGAGTAAAGTTGGCGGCATAAAATCACCAGAAATTATGAGCCTATGTCTCCTTGTAAACTTCGGGCCCCAAAGGCCAAATCAGTTCCCCGGCGATAAATGAGCTAAGAATACGTGCCTGAGACAAC,cusCp,TGCCCGGGCAATTCTAGAGTAGCGGGATCAGATGGCAATCGCTTATTGGCAAAATGACAATTTTGTCATTTTTCTGTCACCGGAAAATCAGAGCCTGGCGAGTAAAGTTGGCGGCATAAAATCACCAGAAATTATGAGCCTATGTCTCCTTGTAAACTTC,"(100, (1, 20))","(100, (231, 250))","(108, (193, 211))","(207, (212, 230))",SpeI,ApaI,cusCp_0
"[""elaB""]",ACCTGTAATTCCAAGCGTCTACTAGTGTTTCGGTTTTATCCCTGTGACGGAGGTCTATGAAGAAGATGGTATCCCACACATTGGGATGGCACGCGAGGTAATTCAGGCGTAATCAACAACCCTTGTCTATAGTTAGTGACAGGTTTTACGCAAATGGAGAACGAGAATGTCTAATCAGTTTGGTGAGGGCCCCAAAGGCCAAATCAGTTCCCCGGCGATAAATGAGCTAAGAATACGTGCCTGAGACAAC,elaBp,GTTTCGGTTTTATCCCTGTGACGGAGGTCTATGAAGAAGATGGTATCCCACACATTGGGATGGCACGCGAGGTAATTCAGGCGTAATCAACAACCCTTGTCTATAGTTAGTGACAGGTTTTACGCAAATGGAGAACGAGAATGTCTAATCAGTTTGGTGA,"(100, (1, 20))","(100, (231, 250))","(108, (193, 211))","(207, (212, 230))",SpeI,ApaI,elaBp_0
"[""yncE""]",ACCTGTAATTCCAAGCGTCTACTAGTTTGTAAATTTATGGAAAATGAAACGGCACAATACGTTAAGTAATTGAGAAAATTGTAGTCGTAACGGCAAGAAATGCTCCACATTTGAGAAAATAATGATTACCATTCCCATTTATAACAAGAGCGTAACGATGATTACGCTTAGCGAAGCATTGTGAAGGGGCCCCAAAGGCCAAATCAGTTCCCCGGCGATAAATGAGCTAAGAATACGTGCCTGAGACAAC,yncEp,TTGTAAATTTATGGAAAATGAAACGGCACAATACGTTAAGTAATTGAGAAAATTGTAGTCGTAACGGCAAGAAATGCTCCACATTTGAGAAAATAATGATTACCATTCCCATTTATAACAAGAGCGTAACGATGATTACGCTTAGCGAAGCATTGTGAAG,"(100, (1, 20))","(100, (231, 250))","(108, (193, 211))","(207, (212, 230))",SpeI,ApaI,yncEp_0
"[""kbp""]",ACCTGTAATTCCAAGCGTCTACTAGTCACTGCTTGGGTATATCCCCGGTTTGATTCACGCGTTCTGGGTGCAAACCCGCGATTAAACCTGTGCTCATCCCCGCGGCGTTAACGCGCCGCGTTCCTCTGCTACACTTTCTGAGTGTTTCCGTTAACGAATGAGGTAGCTATGGGTCTGTTCAATTTTGGGCCCCAAAGGCCAAATCAGTTCCCCGGCGATAAATGAGCTAAGAATACGTGCCTGAGACAAC,kbpp4,CACTGCTTGGGTATATCCCCGGTTTGATTCACGCGTTCTGGGTGCAAACCCGCGATTAAACCTGTGCTCATCCCCGCGGCGTTAACGCGCCGCGTTCCTCTGCTACACTTTCTGAGTGTTTCCGTTAACGAATGAGGTAGCTATGGGTCTGTTCAATTTT,"(100, (1, 20))","(100, (231, 250))","(108, (193, 211))","(207, (212, 230))",SpeI,ApaI,kbpp4_0
"[""kbp"", ""yqaE""]",ACCTGTAATTCCAAGCGTCTACTAGTTATTTTCTAAATTAAGTAAACTCTAAACTAAAAATGCAACATATACCAGCCTCAGCAGCGTAAATGAGAGTAAAAGCGTAAGCTGAAACTGGCAGGCTCCGCTAAAATTACTACGCTTAAGAGATAAAATCTCTTTTTAAACAATGAGTAATTTTCTTATGGGCCCCAAAGGCCAAATCAGTTCCCCGGCGATAAATGAGCTAAGAATACGTGCCTGAGACAAC,yqaEp,TATTTTCTAAATTAAGTAAACTCTAAACTAAAAATGCAACATATACCAGCCTCAGCAGCGTAAATGAGAGTAAAAGCGTAAGCTGAAACTGGCAGGCTCCGCTAAAATTACTACGCTTAAGAGATAAAATCTCTTTTTAAACAATGAGTAATTTTCTTAT,"(100, (1, 20))","(100, (231, 250))","(108, (193, 211))","(207, (212, 230))",SpeI,ApaI,yqaEp_0
"[""lipB"", ""ybeD""]",ACCTGTAATTCCAAGCGTCTACTAGTCCGGAAGGTAACTTCTTCGGCAAAATCATTGATTACATTAAATTAATGTTCCATCACTGGTTTGGTTAAAAATTAAACACTTGAAAGTGTAATTTCCGTCCCCATATACTAAGCATCAGTAAAAAACTCCCGCCTTCTGGCGGGAGTTGCTATTTAATTAGGGCCCGGTGCATGGGAGGAACTATCCGGCGATAAATGAGCTAAGAATACGTGCCTGAGACAAC,ybeDp,CCGGAAGGTAACTTCTTCGGCAAAATCATTGATTACATTAAATTAATGTTCCATCACTGGTTTGGTTAAAAATTAAACACTTGAAAGTGTAATTTCCGTCCCCATATACTAAGCATCAGTAAAAAACTCCCGCCTTCTGGCGGGAGTTGCTATTTAATTA,"(100, (1, 20))","(100, (231, 250))","(109, (193, 211))","(207, (212, 230))",SpeI,ApaI,ybeDp_0
"[""lipB"", ""ybeD""]",ACCTGTAATTCCAAGCGTCTACTAGTCCGGAAGGTAACTTCTTCGGCAAAATCATTGATTACATTAAATTAATGTTCCATCACTGGTTTGGTTAAAAATTAAACACTTGAAAGTGTAATTTCCGTCCCCATATACTAAGCATCAGTAAAAAACTCCCGCCTTCTGGCGGGAGTTGCTATTTAATTAGGGCCCGGTGCATGGGAGGAACTATCCGGCGATAAATGAGCTAAGAATACGTGCCTGAGACAAC,ybeDp2,CCGGAAGGTAACTTCTTCGGCAAAATCATTGATTACATTAAATTAATGTTCCATCACTGGTTTGGTTAAAAATTAAACACTTGAAAGTGTAATTTCCGTCCCCATATACTAAGCATCAGTAAAAAACTCCCGCCTTCTGGCGGGAGTTGCTATTTAATTA,"(100, (1, 20))","(100, (231, 250))","(109, (193, 211))","(207, (212, 230))",SpeI,ApaI,ybeDp2_0
"[""speD"", ""speE"", ""yacC""]",ACCTGTAATTCCAAGCGTCTACTAGTAACAAAATCAAACGTTGAGCATAGTCCTTCCCCTTACGGGAAGGTCAAGCCGCAGACACAATTTAATCGACAATAATGGTCGTCGCCTCGCTCGCAGTGTGCTAACGTTTATCTTCTTTAAGCCCCTGGTAGAAGCAATGAAGACGTTTTTCAGAACAGTGGGCCCGGTGCATGGGAGGAACTATTGATAGCCAGCGAAACGATGAATACGTGCCTGAGACAAC,yacCp,AACAAAATCAAACGTTGAGCATAGTCCTTCCCCTTACGGGAAGGTCAAGCCGCAGACACAATTTAATCGACAATAATGGTCGTCGCCTCGCTCGCAGTGTGCTAACGTTTATCTTCTTTAAGCCCCTGGTAGAAGCAATGAAGACGTTTTTCAGAACAGT,"(100, (1, 20))","(100, (231, 250))","(109, (193, 211))","(204, (212, 230))",SpeI,ApaI,yacCp_0
"[""btuF"", ""mtn"", ""yadS""]",ACCTGTAATTCCAAGCGTCTACTAGTCCTGCGGTGAACGGTAACGACGATGCCAGTTTATTTTTTTTCGGAAATCAATCTGTGCCATGTCCTCTCCCGCGTGAGAAATACGCTTCCCCGTAAGCGCATGGTAAACTATGCCTTCAAATCGGGCTTATCGCGAGTAAATCTATGAAAATCGGCATCAGGGCCCGGTGCATGGGAGGAACTATTGATAGCCAGCGAAACGATGAATACGTGCCTGAGACAAC,mtnp,CCTGCGGTGAACGGTAACGACGATGCCAGTTTATTTTTTTTCGGAAATCAATCTGTGCCATGTCCTCTCCCGCGTGAGAAATACGCTTCCCCGTAAGCGCATGGTAAACTATGCCTTCAAATCGGGCTTATCGCGAGTAAATCTATGAAAATCGGCATCA,"(100, (1, 20))","(100, (231, 250))","(109, (193, 211))","(204, (212, 230))",SpeI,ApaI,mtnp_0
"[""btuF"", ""mtn"", ""yadS""]",ACCTGTAATTCCAAGCGTCTACTAGTCCTGCGGTGAACGGTAACGACGATGCCAGTTTATTTTTTTTCGGAAATCAATCTGTGCCATGTCCTCTCCCGCGTGAGAAATACGCTTCCCCGTAAGCGCATGGTAAACTATGCCTTCAAATCGGGCTTATCGCGAGTAAATCTATGAAAATCGGCATCAGGGCCCGGTGCATGGGAGGAACTATTGATAGCCAGCGAAACGATGAATACGTGCCTGAGACAAC,mtnp2,CCTGCGGTGAACGGTAACGACGATGCCAGTTTATTTTTTTTCGGAAATCAATCTGTGCCATGTCCTCTCCCGCGTGAGAAATACGCTTCCCCGTAAGCGCATGGTAAACTATGCCTTCAAATCGGGCTTATCGCGAGTAAATCTATGAAAATCGGCATCA,"(100, (1, 20))","(100, (231, 250))","(109, (193, 211))","(204, (212, 230))",SpeI,ApaI,mtnp2_0
"[""ykgR""]",ACCTGTAATTCCAAGCGTCTACTAGTAGGCGACATATATCAATGACGTTGGTGCAATAAAAGATAGTTGATGTAATACATCTATTCAAATTTGTGATACATGTCAAAAAATTGGTTGACCAAACTCGTTATTTATATAAGGGCACTTACGAAGTGCACTCTTTTTTAAAGCGAGGAAGTACCAATGGGGCCCGGTGCATGGGAGGAACTATTGATAGCCAGCGAAACGATGAATACGTGCCTGAGACAAC,ykgRp,AGGCGACATATATCAATGACGTTGGTGCAATAAAAGATAGTTGATGTAATACATCTATTCAAATTTGTGATACATGTCAAAAAATTGGTTGACCAAACTCGTTATTTATATAAGGGCACTTACGAAGTGCACTCTTTTTTAAAGCGAGGAAGTACCAATG,"(100, (1, 20))","(100, (231, 250))","(109, (193, 211))","(204, (212, 230))",SpeI,ApaI,ykgRp_0
"[""acrA"", ""acrB""]",ACCTGTAATTCCAAGCGTCTACTAGTCGAGGATGTGTTGGCGCGTTTCTTGCGCTTCTTGTTTGGTTTTTCGTGCCATATGTTCGTGAATTTACAGGCGTTAGATTTACATACATTTGTGAATGTATGTACCATAGCACGACGATAATATAAACGCAGCAATGGGTTTATTAACTTTTGACCATTGGGGCCCGGTGCATGGGAGGAACTATCGTAAGGACAGTAGCAAGGGAATACGTGCCTGAGACAAC,acrAp,CGAGGATGTGTTGGCGCGTTTCTTGCGCTTCTTGTTTGGTTTTTCGTGCCATATGTTCGTGAATTTACAGGCGTTAGATTTACATACATTTGTGAATGTATGTACCATAGCACGACGATAATATAAACGCAGCAATGGGTTTATTAACTTTTGACCATTG,"(100, (1, 20))","(100, (231, 250))","(109, (193, 211))","(201, (212, 230))",SpeI,ApaI,acrAp_0
"[""acrB""]",ACCTGTAATTCCAAGCGTCTACTAGTTCACCCTACGCGCTATCTTCCCGAACCCGGATCACACTCTGCTGCCGGGTATGTTCGTGCGCGCACGTCTGGAAGAAGGGCTTAATCCAAACGCTATTTTAGTCCCGCAACAGGGCGTAACCCGTACGCCGCGTGGCGATGCCACCGTACTGGTAGTTGGGGGCCCTGCATGGGTCTGTCTATTGCGTAAGGACAGTAGCAAGGGAATACGTGCCTGAGACAAC,acrBp,TCACCCTACGCGCTATCTTCCCGAACCCGGATCACACTCTGCTGCCGGGTATGTTCGTGCGCGCACGTCTGGAAGAAGGGCTTAATCCAAACGCTATTTTAGTCCCGCAACAGGGCGTAACCCGTACGCCGCGTGGCGATGCCACCGTACTGGTAGTTGG,"(100, (1, 20))","(100, (231, 250))","(110, (193, 211))","(201, (212, 230))",SpeI,ApaI,acrBp_0
"[""acrZ""]",ACCTGTAATTCCAAGCGTCTACTAGTGCCTGCATAACAATGTCCTGGCAAAAGTCTTATTGTGACGGAAAACGAACGCCACGCAAAGCTGACCGCACAAAAGGGGAGTGCTTTTCTGTGCTTAGCGGTTAGAATAGTCTCATGACTATATCTGGAGTTGACCATGTTAGAGTTATTAAAAAGTCTGGGGCCCTGCATGGGTCTGTCTATTGCGTAAGGACAGTAGCAAGGGAATACGTGCCTGAGACAAC,acrZp,GCCTGCATAACAATGTCCTGGCAAAAGTCTTATTGTGACGGAAAACGAACGCCACGCAAAGCTGACCGCACAAAAGGGGAGTGCTTTTCTGTGCTTAGCGGTTAGAATAGTCTCATGACTATATCTGGAGTTGACCATGTTAGAGTTATTAAAAAGTCTG,"(100, (1, 20))","(100, (231, 250))","(110, (193, 211))","(201, (212, 230))",SpeI,ApaI,acrZp_0
"[""ldrD""]",ACCTGTAATTCCAAGCGTCTACTAGTCAGCCCGGATATGAACTGCAACTATTGCAAATAAAGAAATTAAGCTGGAAGGCATCGCGCAATGAGGAAGATTGCCGGGTGCTGACAGTAAAAAGCAATCGTAGAATCAGCGGCAAGCCGGAAAGGTTCCGGTGAGGCGCAATGTTGCGGGGGCTTTATCGGGCCCTGCATGGGTCTGTCTATTGCGTAAGGACAGTAGCAAGGGAATACGTGCCTGAGACAAC,ldrDp,CAGCCCGGATATGAACTGCAACTATTGCAAATAAAGAAATTAAGCTGGAAGGCATCGCGCAATGAGGAAGATTGCCGGGTGCTGACAGTAAAAAGCAATCGTAGAATCAGCGGCAAGCCGGAAAGGTTCCGGTGAGGCGCAATGTTGCGGGGGCTTTATC,"(100, (1, 20))","(100, (231, 250))","(110, (193, 211))","(201, (212, 230))",SpeI,ApaI,ldrDp_0
"[""rdlD""]",ACCTGTAATTCCAAGCGTCTACTAGTAATGCCAGCAATGACCGGAGCCGCTAAATCATGCCAGAAGGCCATGCCCAGCTCTGCGAACGTCATATAGCCGCCTGTGTTGTAATGACAACGTTTCGCGGCTATTCTTGAGTGGTCTAGAGTCAAGATTAGCCCCCGTGGTGTTGTCAGGTGCATACCTGGGCCCTGCATGGGTCTGTCTATTGCGTAAGGACAGTAGCAAGGGAATACGTGCCTGAGACAAC,rdlDp,AATGCCAGCAATGACCGGAGCCGCTAAATCATGCCAGAAGGCCATGCCCAGCTCTGCGAACGTCATATAGCCGCCTGTGTTGTAATGACAACGTTTCGCGGCTATTCTTGAGTGGTCTAGAGTCAAGATTAGCCCCCGTGGTGTTGTCAGGTGCATACCT,"(100, (1, 20))","(100, (231, 250))","(110, (193, 211))","(201, (212, 230))",SpeI,ApaI,rdlDp_0
"[""dinQ""]",ACCTGTAATTCCAAGCGTCTACTAGTTGGCTCTGACTGGAGTGAGATAGCCATCATCTAACGCATCAATGCTAATACCATACTGAAACTATTGCAAGGACGTGCTGGTTTTATAACCTGCATGTACTGTATGATTATCCAGTTAGCTCTGAGGCATTTTCACTCTGGCAATGCGCATAAACGCTTTGGGCCCTGCATGGGTCTGTCTATTGCGTAAGGACAGTAGCAAGGGAATACGTGCCTGAGACAAC,dinQp,TGGCTCTGACTGGAGTGAGATAGCCATCATCTAACGCATCAATGCTAATACCATACTGAAACTATTGCAAGGACGTGCTGGTTTTATAACCTGCATGTACTGTATGATTATCCAGTTAGCTCTGAGGCATTTTCACTCTGGCAATGCGCATAAACGCTTT,"(100, (1, 20))","(100, (231, 250))","(110, (193, 211))","(201, (212, 230))",SpeI,ApaI,dinQp_0
"[""tisB""]",ACCTGTAATTCCAAGCGTCTACTAGTCGCAATTTCGGCACGAATTTTGACGTATTTAGTGCATAGTTGAGTATCGATCACAGTTTGCGTTTTGTCCAAATATTACTGTTTATTTATACAGTAAACTTCTATAATATCACTGTACGCAATGTGTTATGCGGGGGCCGCATCGTTACCCGGCGCACTAGGGCCCCTCCTATGCTAGCTCGACTCGTAAGGACAGTAGCAAGGGAATACGTGCCTGAGACAAC,tisBp,CGCAATTTCGGCACGAATTTTGACGTATTTAGTGCATAGTTGAGTATCGATCACAGTTTGCGTTTTGTCCAAATATTACTGTTTATTTATACAGTAAACTTCTATAATATCACTGTACGCAATGTGTTATGCGGGGGCCGCATCGTTACCCGGCGCACTA,"(100, (1, 20))","(100, (231, 250))","(111, (193, 211))","(201, (212, 230))",SpeI,ApaI,tisBp_0
"[""tolC"", ""ygiB"", ""ygiC""]",ACCTGTAATTCCAAGCGTCTACTAGTCTGGCTTAAGCATTGTTAATGTCCTGGCACTAATAGTGAATTAAATGTGAATTTCAGCGACGTTTGACTGCCGTTTGAGCAGTCATGTGTTAAATTGAGGCACATTAACGCCCTATGGCACGTAACGCCAACCTTTTGCGGTAGCGGCTTCTGCTAGAATGGGCCCCTCCTATGCTAGCTCGACTCGTAAGGACAGTAGCAAGGGAATACGTGCCTGAGACAAC,tolCp2,CTGGCTTAAGCATTGTTAATGTCCTGGCACTAATAGTGAATTAAATGTGAATTTCAGCGACGTTTGACTGCCGTTTGAGCAGTCATGTGTTAAATTGAGGCACATTAACGCCCTATGGCACGTAACGCCAACCTTTTGCGGTAGCGGCTTCTGCTAGAAT,"(100, (1, 20))","(100, (231, 250))","(111, (193, 211))","(201, (212, 230))",SpeI,ApaI,tolCp2_0
"[""tolC"", ""ygiB"", ""ygiC""]",ACCTGTAATTCCAAGCGTCTACTAGTTTTGACTGCCGTTTGAGCAGTCATGTGTTAAATTGAGGCACATTAACGCCCTATGGCACGTAACGCCAACCTTTTGCGGTAGCGGCTTCTGCTAGAATCCGCAATAATTTTACAGTTTGATCGCGCTAAATACTGCTTCACCACAAGGAATGCAAATGAAGGGCCCCTCCTATGCTAGCTCGACTCGTAAGGACAGTAGCAAGGGAATACGTGCCTGAGACAAC,tolCp4,TTTGACTGCCGTTTGAGCAGTCATGTGTTAAATTGAGGCACATTAACGCCCTATGGCACGTAACGCCAACCTTTTGCGGTAGCGGCTTCTGCTAGAATCCGCAATAATTTTACAGTTTGATCGCGCTAAATACTGCTTCACCACAAGGAATGCAAATGAA,"(100, (1, 20))","(100, (231, 250))","(111, (193, 211))","(201, (212, 230))",SpeI,ApaI,tolCp4_0
"[""tolC"", ""ygiB"", ""ygiC""]",ACCTGTAATTCCAAGCGTCTACTAGTCAGGTTGTCTGGCTTAAGCATTGTTAATGTCCTGGCACTAATAGTGAATTAAATGTGAATTTCAGCGACGTTTGACTGCCGTTTGAGCAGTCATGTGTTAAATTGAGGCACATTAACGCCCTATGGCACGTAACGCCAACCTTTTGCGGTAGCGGCTTCTGGGCCCCTCCTATGCTAGCTCGACTCGTAAGGACAGTAGCAAGGGAATACGTGCCTGAGACAAC,tolCp1,CAGGTTGTCTGGCTTAAGCATTGTTAATGTCCTGGCACTAATAGTGAATTAAATGTGAATTTCAGCGACGTTTGACTGCCGTTTGAGCAGTCATGTGTTAAATTGAGGCACATTAACGCCCTATGGCACGTAACGCCAACCTTTTGCGGTAGCGGCTTCT,"(100, (1, 20))","(100, (231, 250))","(111, (193, 211))","(201, (212, 230))",SpeI,ApaI,tolCp1_0
"[""tolC"", ""ygiB"", ""ygiC""]",ACCTGTAATTCCAAGCGTCTACTAGTATTTCAGCGACGTTTGACTGCCGTTTGAGCAGTCATGTGTTAAATTGAGGCACATTAACGCCCTATGGCACGTAACGCCAACCTTTTGCGGTAGCGGCTTCTGCTAGAATCCGCAATAATTTTACAGTTTGATCGCGCTAAATACTGCTTCACCACAAGGGGGCCCCTCCTATGCTAGCTCGACTCGTAAGGACAGTAGCAAGGGAATACGTGCCTGAGACAAC,tolCp3,ATTTCAGCGACGTTTGACTGCCGTTTGAGCAGTCATGTGTTAAATTGAGGCACATTAACGCCCTATGGCACGTAACGCCAACCTTTTGCGGTAGCGGCTTCTGCTAGAATCCGCAATAATTTTACAGTTTGATCGCGCTAAATACTGCTTCACCACAAGG,"(100, (1, 20))","(100, (231, 250))","(111, (193, 211))","(201, (212, 230))",SpeI,ApaI,tolCp3_0
"[""fldA"", ""fur"", ""uof""]",ACCTGTAATTCCAAGCGTCTACTAGTGGCGGCGCTGCGTAGTCAGGGCATCGTTTAAATTTCCACTTTCATGTAGCACAGTGTGCAGTCCTGCTCGTTTGCTGATTCCGCAAGACTGCCTGTTCTGCTATGATTGCCTTTATCCGTGGGCAATTTTCCACCCCCATTTCAATAAGTTTCAAGAGGTGGGCCCCTCCTATGCTAGCTCGACTGGAGAACGGTCAACTATCCGAATACGTGCCTGAGACAAC,fldAp,GGCGGCGCTGCGTAGTCAGGGCATCGTTTAAATTTCCACTTTCATGTAGCACAGTGTGCAGTCCTGCTCGTTTGCTGATTCCGCAAGACTGCCTGTTCTGCTATGATTGCCTTTATCCGTGGGCAATTTTCCACCCCCATTTCAATAAGTTTCAAGAGGT,"(100, (1, 20))","(100, (231, 250))","(111, (193, 211))","(205, (212, 230))",SpeI,ApaI,fldAp_0
"[""fur""]",ACCTGTAATTCCAAGCGTCTACTAGTAATGTCCCGGTGTTCAAGTGGCCTTGCCGTTGTAAATGTAAGCTGTGCCACGTTTTTATTAACAATATTTGCCAGGGACTTGTGGTTTTCATTTAGGCGTGGCAATTCTATAATGATACGCATTATCTCAAGAGCAAATTCTGTCACTTCTTCTAATGAAGGGCCCCTCCTATGCTAGCTCGACTGGAGAACGGTCAACTATCCGAATACGTGCCTGAGACAAC,furpb,AATGTCCCGGTGTTCAAGTGGCCTTGCCGTTGTAAATGTAAGCTGTGCCACGTTTTTATTAACAATATTTGCCAGGGACTTGTGGTTTTCATTTAGGCGTGGCAATTCTATAATGATACGCATTATCTCAAGAGCAAATTCTGTCACTTCTTCTAATGAA,"(100, (1, 20))","(100, (231, 250))","(111, (193, 211))","(205, (212, 230))",SpeI,ApaI,furpb_0
"[""fur""]",ACCTGTAATTCCAAGCGTCTACTAGTCGGTGTTCAAGTGGCCTTGCCGTTGTAAATGTAAGCTGTGCCACGTTTTTATTAACAATATTTGCCAGGGACTTGTGGTTTTCATTTAGGCGTGGCAATTCTATAATGATACGCATTATCTCAAGAGCAAATTCTGTCACTTCTTCTAATGAAGTGAACCGGGCCCCTCCTATGCTAGCTCGACTGGAGAACGGTCAACTATCCGAATACGTGCCTGAGACAAC,furpa,CGGTGTTCAAGTGGCCTTGCCGTTGTAAATGTAAGCTGTGCCACGTTTTTATTAACAATATTTGCCAGGGACTTGTGGTTTTCATTTAGGCGTGGCAATTCTATAATGATACGCATTATCTCAAGAGCAAATTCTGTCACTTCTTCTAATGAAGTGAACC,"(100, (1, 20))","(100, (231, 250))","(111, (193, 211))","(205, (212, 230))",SpeI,ApaI,furpa_0
"[""fur"", ""uof""]",ACCTGTAATTCCAAGCGTCTACTAGTAATGCCTGATGTGATGCGGCGTAGACTCATGTCTACGCCGTATTAATAGATAATGCCAATCAAAATAATTGCTACAAATTTGTAACTTTTGCTGTTGTACCTGTACAATGTCCCGGTGTTCAAGTGGCCTTGCCGTTGTAAATGTAAGCTGTGCCACGTTGGGCCCCTCCTATGCTAGCTCGACTGGAGAACGGTCAACTATCCGAATACGTGCCTGAGACAAC,uofp,AATGCCTGATGTGATGCGGCGTAGACTCATGTCTACGCCGTATTAATAGATAATGCCAATCAAAATAATTGCTACAAATTTGTAACTTTTGCTGTTGTACCTGTACAATGTCCCGGTGTTCAAGTGGCCTTGCCGTTGTAAATGTAAGCTGTGCCACGTT,"(100, (1, 20))","(100, (231, 250))","(111, (193, 211))","(205, (212, 230))",SpeI,ApaI,uofp_0
"[""sulA""]",ACCTGTAATTCCAAGCGTCTACTAGTATTCTTAAGGGGCAAGATTAATTTATGTTTTCCCGTCACCAACGACAAAATTTGCGAGGCTCTTTCCGAAAATAGGGTTGATCTTTGTTGTCACTGGATGTACTGTACATCCATACAGTAACTCACAGGGGCTGGATTGATTATGTACACTTCAGGCTATGGGCCCATGGTAAGAAGCTCCCACAGGAGAACGGTCAACTATCCGAATACGTGCCTGAGACAAC,sulAp,ATTCTTAAGGGGCAAGATTAATTTATGTTTTCCCGTCACCAACGACAAAATTTGCGAGGCTCTTTCCGAAAATAGGGTTGATCTTTGTTGTCACTGGATGTACTGTACATCCATACAGTAACTCACAGGGGCTGGATTGATTATGTACACTTCAGGCTAT,"(100, (1, 20))","(100, (231, 250))","(112, (193, 211))","(205, (212, 230))",SpeI,ApaI,sulAp_0
"[""recN""]",ACCTGTAATTCCAAGCGTCTACTAGTCGAAAGATTACAGTTATTTCAACACATTAAGCACCAAGCTCGGCTGGTCAAAAAAATTATTCTAATTTTACGCCAGCCTCTTTACTGTATATAAAACCAGTTTATACTGTACACAATAACAGTAATGGTTTTTCATACAGGAAAACGACTATGTTGGCACGGGCCCATGGTAAGAAGCTCCCACAGGAGAACGGTCAACTATCCGAATACGTGCCTGAGACAAC,recNp,CGAAAGATTACAGTTATTTCAACACATTAAGCACCAAGCTCGGCTGGTCAAAAAAATTATTCTAATTTTACGCCAGCCTCTTTACTGTATATAAAACCAGTTTATACTGTACACAATAACAGTAATGGTTTTTCATACAGGAAAACGACTATGTTGGCAC,"(100, (1, 20))","(100, (231, 250))","(112, (193, 211))","(205, (212, 230))",SpeI,ApaI,recNp_0
"[""rcsB""]",ACCTGTAATTCCAAGCGTCTACTAGTGTGACAGAATCGCCTCTGGGCGGAGATGAAAATGCGCAACTCCATGCCAGCGGCTATTATGCGCTCTTTGTAGACACAGTACCGGATGATGTTAAGAGGCTGTATACTGAAGCAGCAACCAGTGACTTTGCTGCGTTAGCCCAAACGGCTCATCGTCTTAGGGCCCATGGTAAGAAGCTCCCACAGGAACCGACAATGTGTGAAGAATACGTGCCTGAGACAAC,rcsBp2,GTGACAGAATCGCCTCTGGGCGGAGATGAAAATGCGCAACTCCATGCCAGCGGCTATTATGCGCTCTTTGTAGACACAGTACCGGATGATGTTAAGAGGCTGTATACTGAAGCAGCAACCAGTGACTTTGCTGCGTTAGCCCAAACGGCTCATCGTCTTA,"(100, (1, 20))","(100, (231, 250))","(112, (193, 211))","(206, (212, 230))",SpeI,ApaI,rcsBp2_0
"[""rcsB""]",ACCTGTAATTCCAAGCGTCTACTAGTGGATGTTACTTCGGCAGAAATTCGGAATATTGTCACTCGCCAGTTAGAAAATTGGGGTGCAACCTGTATCACACCCGATGAAAGATTAATTAGTCAAGATTATGATATCTTTTTAACGGATAATCCGTCTAATCTTACTGCCTCTGGCTTGCTTTTAAGCGGGCCCATGGTAAGAAGCTCCCACAGGAACCGACAATGTGTGAAGAATACGTGCCTGAGACAAC,rcsBp1,GGATGTTACTTCGGCAGAAATTCGGAATATTGTCACTCGCCAGTTAGAAAATTGGGGTGCAACCTGTATCACACCCGATGAAAGATTAATTAGTCAAGATTATGATATCTTTTTAACGGATAATCCGTCTAATCTTACTGCCTCTGGCTTGCTTTTAAGC,"(100, (1, 20))","(100, (231, 250))","(112, (193, 211))","(206, (212, 230))",SpeI,ApaI,rcsBp1_0
"[""rcsB"", ""rcsD""]",ACCTGTAATTCCAAGCGTCTACTAGTTGGCGCTTGTACATCTATTTCCCCCAATGCAGGATGATAAATATCACGGGAGAATAGAGAATCATCAATCAGGTAAGAGTCTGGAATTTCACACTGTACCCTTTATACTGCCCTATCACTTCGCGAAGTTTTAACAGGTCATAAACACGAATGCGTCAGAGGGCCCATGGTAAGAAGCTCCCACAGGAACCGACAATGTGTGAAGAATACGTGCCTGAGACAAC,rcsDp,TGGCGCTTGTACATCTATTTCCCCCAATGCAGGATGATAAATATCACGGGAGAATAGAGAATCATCAATCAGGTAAGAGTCTGGAATTTCACACTGTACCCTTTATACTGCCCTATCACTTCGCGAAGTTTTAACAGGTCATAAACACGAATGCGTCAGA,"(100, (1, 20))","(100, (231, 250))","(112, (193, 211))","(206, (212, 230))",SpeI,ApaI,rcsDp_0
"[""xdhA"", ""xdhB"", ""xdhC""]",ACCTGTAATTCCAAGCGTCTACTAGTACTGCCCCTATTCAGAGTCCTGTTTCGTATCATATCTGTGTTTTTTTAACGTCATCACACTTCCTACCTCCCCTAACGCTTATCGTCGTTTCTGGCGTAAATCTTGCCTGCTTAGACTAAATCTTTGCCATAAGAACCAAATGTTCAAATCGAGGGGATTGGGCCCATGGTAAGAAGCTCCCACAGGAACCGACAATGTGTGAAGAATACGTGCCTGAGACAAC,xdhAp1,ACTGCCCCTATTCAGAGTCCTGTTTCGTATCATATCTGTGTTTTTTTAACGTCATCACACTTCCTACCTCCCCTAACGCTTATCGTCGTTTCTGGCGTAAATCTTGCCTGCTTAGACTAAATCTTTGCCATAAGAACCAAATGTTCAAATCGAGGGGATT,"(100, (1, 20))","(100, (231, 250))","(112, (193, 211))","(206, (212, 230))",SpeI,ApaI,xdhAp1_0
"[""xdhA"", ""xdhB"", ""xdhC""]",ACCTGTAATTCCAAGCGTCTACTAGTTATTCAGAGTCCTGTTTCGTATCATATCTGTGTTTTTTTAACGTCATCACACTTCCTACCTCCCCTAACGCTTATCGTCGTTTCTGGCGTAAATCTTGCCTGCTTAGACTAAATCTTTGCCATAAGAACCAAATGTTCAAATCGAGGGGATTTCTATGGAGGGCCCATGGTAAGAAGCTCCCACAGGAACCGACAATGTGTGAAGAATACGTGCCTGAGACAAC,xdhAp2,TATTCAGAGTCCTGTTTCGTATCATATCTGTGTTTTTTTAACGTCATCACACTTCCTACCTCCCCTAACGCTTATCGTCGTTTCTGGCGTAAATCTTGCCTGCTTAGACTAAATCTTTGCCATAAGAACCAAATGTTCAAATCGAGGGGATTTCTATGGA,"(100, (1, 20))","(100, (231, 250))","(112, (193, 211))","(206, (212, 230))",SpeI,ApaI,xdhAp2_0
"[""ssnA"", ""ygfK""]",ACCTGTAATTCCAAGCGTCTACTAGTTTCTCATTTAGCACCTGTGAGTTCATTCACAAAAAGCCCTTAAGTTTCGAGCCGCCTCACATTTTTTTATATTTCCCGCCAAACCTGGCAAGAGTGGTGCGATTGTTGCTCTATCCCCCTAAACCACCGGATTTCTCAACACCGGTCACTCAATGATATCGGGCCCCTATGGTCATTCCCGTACGGGAACCGACAATGTGTGAAGAATACGTGCCTGAGACAAC,ygfKp,TTCTCATTTAGCACCTGTGAGTTCATTCACAAAAAGCCCTTAAGTTTCGAGCCGCCTCACATTTTTTTATATTTCCCGCCAAACCTGGCAAGAGTGGTGCGATTGTTGCTCTATCCCCCTAAACCACCGGATTTCTCAACACCGGTCACTCAATGATATC,"(100, (1, 20))","(100, (231, 250))","(113, (193, 211))","(206, (212, 230))",SpeI,ApaI,ygfKp_0
"[""ssnA""]",ACCTGTAATTCCAAGCGTCTACTAGTAGAACCGTTTCCAGACGCTGCACCTCGACGCTTACTGTAACGAATGCGGCAACTGCGCTCAGTTCTGTCCGTGGAACGGTAAACCGTACAAAGACAAAATCACCGTCTTCAGCCTGGCGCAAGACTTTGATAACAGCAGCAACCCAGGCTTCCTTGTGGAGGGCCCCTATGGTCATTCCCGTACGGGAACCGACAATGTGTGAAGAATACGTGCCTGAGACAAC,ssnAp,AGAACCGTTTCCAGACGCTGCACCTCGACGCTTACTGTAACGAATGCGGCAACTGCGCTCAGTTCTGTCCGTGGAACGGTAAACCGTACAAAGACAAAATCACCGTCTTCAGCCTGGCGCAAGACTTTGATAACAGCAGCAACCCAGGCTTCCTTGTGGA,"(100, (1, 20))","(100, (231, 250))","(113, (193, 211))","(206, (212, 230))",SpeI,ApaI,ssnAp_0
"[""cpxA"", ""cpxR""]",ACCTGTAATTCCAAGCGTCTACTAGTTCTGTCGCGATTCAACGATAGAGAGTTTACGATTCAGGCTGCAAACATGCGTCAGGGGGTGTAAAACAACGTAAAGTCATGGATTAGCGACGTCTGATGACGTAATTTCTGCCTCGGAGGTATTTAAACAATGAATAAAATCCTGTTAGTTGATGATGACGGGCCCCTATGGTCATTCCCGTACGGGAACCGACAATGTGTGAAGAATACGTGCCTGAGACAAC,cpxRp2,TCTGTCGCGATTCAACGATAGAGAGTTTACGATTCAGGCTGCAAACATGCGTCAGGGGGTGTAAAACAACGTAAAGTCATGGATTAGCGACGTCTGATGACGTAATTTCTGCCTCGGAGGTATTTAAACAATGAATAAAATCCTGTTAGTTGATGATGAC,"(100, (1, 20))","(100, (231, 250))","(113, (193, 211))","(206, (212, 230))",SpeI,ApaI,cpxRp2_0
"[""cpxA"", ""cpxR""]",ACCTGTAATTCCAAGCGTCTACTAGTTCTGTCGCGATTCAACGATAGAGAGTTTACGATTCAGGCTGCAAACATGCGTCAGGGGGTGTAAAACAACGTAAAGTCATGGATTAGCGACGTCTGATGACGTAATTTCTGCCTCGGAGGTATTTAAACAATGAATAAAATCCTGTTAGTTGATGATGACGGGCCCCTATGGTCATTCCCGTACGGGAACCGACAATGTGTGAAGAATACGTGCCTGAGACAAC,cpxRp,TCTGTCGCGATTCAACGATAGAGAGTTTACGATTCAGGCTGCAAACATGCGTCAGGGGGTGTAAAACAACGTAAAGTCATGGATTAGCGACGTCTGATGACGTAATTTCTGCCTCGGAGGTATTTAAACAATGAATAAAATCCTGTTAGTTGATGATGAC,"(100, (1, 20))","(100, (231, 250))","(113, (193, 211))","(206, (212, 230))",SpeI,ApaI,cpxRp_0
"[""dicA""]",ACCTGTAATTCCAAGCGTCTACTAGTTTCATCGTCAATACGCAGGTTAATGCTACCCATGTCTTACACCTCTTGTAATTACAAATGTCATTACAAGTATCGCACTACAACATGCTTAGGGCAAGTCACGAAGGAAGTCAGAAAGTAGTCGTAAGAACGGTGATCACTGTCCGCTTTGTGCCAGGAGGGGCCCCTATGGTCATTCCCGTACGCGTGTAAAATCCGAGAACCGAATACGTGCCTGAGACAAC,TSS_6311_regulondb,TTCATCGTCAATACGCAGGTTAATGCTACCCATGTCTTACACCTCTTGTAATTACAAATGTCATTACAAGTATCGCACTACAACATGCTTAGGGCAAGTCACGAAGGAAGTCAGAAAGTAGTCGTAAGAACGGTGATCACTGTCCGCTTTGTGCCAGGAG,"(100, (1, 20))","(100, (231, 250))","(113, (193, 211))","(202, (212, 230))",SpeI,ApaI,TSS_6311_regulondb_0
"[""yjjJ""]",ACCTGTAATTCCAAGCGTCTACTAGTTGCTGGACTCATTCGGCATCGGCGCTACAGAAGATGCAGAACGCTTTGGTGACGTCGGGGCTGACACCCTGGGTCATATCGCAGAAGCTTGTGCCAAAGGCGAAGCTGATAACGGTCGTAAAGGCCCGCTCAATCTGCCAAATCTGACCCGTCTGGGGCTGGGCCCCTATGGTCATTCCCGTACGCGTAAGGACAGTAGCAAGGGAATACGTGCCTGAGACAAC,TSS_18061_regulondb,TGCTGGACTCATTCGGCATCGGCGCTACAGAAGATGCAGAACGCTTTGGTGACGTCGGGGCTGACACCCTGGGTCATATCGCAGAAGCTTGTGCCAAAGGCGAAGCTGATAACGGTCGTAAAGGCCCGCTCAATCTGCCAAATCTGACCCGTCTGGGGCT,"(100, (1, 20))","(100, (231, 250))","(113, (193, 211))","(201, (212, 230))",SpeI,ApaI,TSS_18061_regulondb_0
"[""yahM""]",ACCTGTAATTCCAAGCGTCTACTAGTGATGACGACAAACTCATTCATCTCATGGCTGCCGTACGAGACTGTGAGTGGTCAGACGATAACGCACTCACCATAAATGTGCAGTTTAATGATTTCCCTGGATTTTATGACTGGATGGATTACCCTGATCACCCGGTTAAGTTTGTTTTTCACATACTTGGGGCCCTAATCGGCTACGTTGTGTCTGATAGCCAGCGAAACGATGAATACGTGCCTGAGACAAC,TSS_1414_storz_regulondb,GATGACGACAAACTCATTCATCTCATGGCTGCCGTACGAGACTGTGAGTGGTCAGACGATAACGCACTCACCATAAATGTGCAGTTTAATGATTTCCCTGGATTTTATGACTGGATGGATTACCCTGATCACCCGGTTAAGTTTGTTTTTCACATACTTG,"(100, (1, 20))","(100, (231, 250))","(114, (193, 211))","(204, (212, 230))",SpeI,ApaI,TSS_1414_storz_regulondb_0
"[""ymfJ""]",ACCTGTAATTCCAAGCGTCTACTAGTGAACGTGAACATAAAACTGGTTCATTAAGTTTCCTTGCTTGCTGGCTGTGTGAGAACTCCAGCATACCACCGAGCCTGAAGTGGTGAAAAGACAGGCACATAACAGCTAAGTATTTTCAACCAGAGAGAATCCTTAGCGTTGTGGTGAATGCGGCTCAGCGGGCCCTAATCGGCTACGTTGTGTCGGAGAACGGTCAACTATCCGAATACGTGCCTGAGACAAC,TSS_4654_wanner_regulondb,GAACGTGAACATAAAACTGGTTCATTAAGTTTCCTTGCTTGCTGGCTGTGTGAGAACTCCAGCATACCACCGAGCCTGAAGTGGTGAAAAGACAGGCACATAACAGCTAAGTATTTTCAACCAGAGAGAATCCTTAGCGTTGTGGTGAATGCGGCTCAGC,"(100, (1, 20))","(100, (231, 250))","(114, (193, 211))","(205, (212, 230))",SpeI,ApaI,TSS_4654_wanner_regulondb_0
"[""ymfJ""]",ACCTGTAATTCCAAGCGTCTACTAGTGGTCTGTTCGGCTGTGTCTTCAAATAGACGAACGTGAACATAAAACTGGTTCATTAAGTTTCCTTGCTTGCTGGCTGTGTGAGAACTCCAGCATACCACCGAGCCTGAAGTGGTGAAAAGACAGGCACATAACAGCTAAGTATTTTCAACCAGAGAGAATGGGCCCTAATCGGCTACGTTGTGTCGGAGAACGGTCAACTATCCGAATACGTGCCTGAGACAAC,TSS_4655_regulondb,GGTCTGTTCGGCTGTGTCTTCAAATAGACGAACGTGAACATAAAACTGGTTCATTAAGTTTCCTTGCTTGCTGGCTGTGTGAGAACTCCAGCATACCACCGAGCCTGAAGTGGTGAAAAGACAGGCACATAACAGCTAAGTATTTTCAACCAGAGAGAAT,"(100, (1, 20))","(100, (231, 250))","(114, (193, 211))","(205, (212, 230))",SpeI,ApaI,TSS_4655_regulondb_0
"[""yagB"", ""insX"", ""yagA""]",ACCTGTAATTCCAAGCGTCTACTAGTGACAGGGGGAATGATTCCCGTGAACAACGCGGACTGCGGCATGAGATCTCCTTGCTGAATCATTTTGTTCTACATTATAGAACAGCGTTCGTTTATTTAACGATCATACTATGACGCAGAACAAGGAGAGGTAAATCGGAAGGGAAGAGGGAGTGCGGGAGGGCCCTAATCGGCTACGTTGTGTCCGTAAGGACAGTAGCAAGGGAATACGTGCCTGAGACAAC,yagB_insX_yagA_predicted,GACAGGGGGAATGATTCCCGTGAACAACGCGGACTGCGGCATGAGATCTCCTTGCTGAATCATTTTGTTCTACATTATAGAACAGCGTTCGTTTATTTAACGATCATACTATGACGCAGAACAAGGAGAGGTAAATCGGAAGGGAAGAGGGAGTGCGGGA,"(100, (1, 20))","(100, (231, 250))","(114, (193, 211))","(201, (212, 230))",SpeI,ApaI,yagB_insX_yagA_predicted_0
"[""tmaR""]",ACCTGTAATTCCAAGCGTCTACTAGTCTTGAGTTGCTATCGAATCTGATTTGCCGGGCCTTGCGCAAATAATTCCTGAACTTCAGAATCATCTTGCTGCTGCTTCGATTCAGCAAGGATAAAGGGTATGATAGTGAAAAGGGATAAAAGCATTGTCATCTGCGGCAGCTATGAGTAATGTTGGCCCGGGCCCTAATCGGCTACGTTGTGTCCCGGCGATAAATGAGCTAAGAATACGTGCCTGAGACAAC,tmaR_predicted,CTTGAGTTGCTATCGAATCTGATTTGCCGGGCCTTGCGCAAATAATTCCTGAACTTCAGAATCATCTTGCTGCTGCTTCGATTCAGCAAGGATAAAGGGTATGATAGTGAAAAGGGATAAAAGCATTGTCATCTGCGGCAGCTATGAGTAATGTTGGCCC,"(100, (1, 20))","(100, (231, 250))","(114, (193, 211))","(207, (212, 230))",SpeI,ApaI,tmaR_predicted_0
"[""yjbJ""]",ACCTGTAATTCCAAGCGTCTACTAGTCTTTCTGGCGTTGCGCGGGCTTTCTCTGGCGGCTATCTGGCGGCGTCACTGGCGCAATGGTACCTGGTTTGCCGCAACGTGACGGTTAAAAATTCTGAATAAATAATCCTAAGCCAAATTGCTGACTACACTTAATCTCACGTTCAGAAGAAAAGTGAACGGGCCCTAATCGGCTACGTTGTGTCCCGGCGATAAATGAGCTAAGAATACGTGCCTGAGACAAC,yjbJ_predicted,CTTTCTGGCGTTGCGCGGGCTTTCTCTGGCGGCTATCTGGCGGCGTCACTGGCGCAATGGTACCTGGTTTGCCGCAACGTGACGGTTAAAAATTCTGAATAAATAATCCTAAGCCAAATTGCTGACTACACTTAATCTCACGTTCAGAAGAAAAGTGAAC,"(100, (1, 20))","(100, (231, 250))","(114, (193, 211))","(207, (212, 230))",SpeI,ApaI,yjbJ_predicted_0
"[""yqjE"", ""yqjK"", ""yqjD"", ""yqjC""]",ACCTGTAATTCCAAGCGTCTACTAGTCAGTGGCTGACCCGGTTACGGGATAACTCTCATCGCTTCGGATAACTTCCTGTTATCCGAAACATATCACTCACTTTGGTGATTTCACCGTAACTGTCTATGATTAATGAGGCGGTGGTTAACACTACCGCTTCGTTGTCTGGACAATCGTTCCTTTGTAGGGCCCTGACTCGATCCTTTAGTCCCCGGCGATAAATGAGCTAAGAATACGTGCCTGAGACAAC,yqjE_yqjK_yqjD_yqjC_predicted,CAGTGGCTGACCCGGTTACGGGATAACTCTCATCGCTTCGGATAACTTCCTGTTATCCGAAACATATCACTCACTTTGGTGATTTCACCGTAACTGTCTATGATTAATGAGGCGGTGGTTAACACTACCGCTTCGTTGTCTGGACAATCGTTCCTTTGTA,"(100, (1, 20))","(100, (231, 250))","(115, (193, 211))","(207, (212, 230))",SpeI,ApaI,yqjE_yqjK_yqjD_yqjC_predicted_0
"[""ybaY""]",ACCTGTAATTCCAAGCGTCTACTAGTGTATAACGCAAATTTGCTACTGGTCCGATGGGTGCAATGGTCTGAATTACGGGCTAATTACAGGCAGAAATGCGTGATGTGTGCCACACTTGTTGACGTTACTATTTTGTTAACCACTCTTCCGGCGAGGAAAGTTAGCCCGCTGGTGCATTGATAATAAGGGCCCTGACTCGATCCTTTAGTCCCCGGCGATAAATGAGCTAAGAATACGTGCCTGAGACAAC,ybaY_predicted,GTATAACGCAAATTTGCTACTGGTCCGATGGGTGCAATGGTCTGAATTACGGGCTAATTACAGGCAGAAATGCGTGATGTGTGCCACACTTGTTGACGTTACTATTTTGTTAACCACTCTTCCGGCGAGGAAAGTTAGCCCGCTGGTGCATTGATAATAA,"(100, (1, 20))","(100, (231, 250))","(115, (193, 211))","(207, (212, 230))",SpeI,ApaI,ybaY_predicted_0
"[""ygiW""]",ACCTGTAATTCCAAGCGTCTACTAGTATCAGCATGTCATCTTCTATCAGTAAAATTCGCATTTTTTCATCCCTGCGATAACCGTATTTGCTGCCAGTAAACCGTGTTGTAACGCGCTCTGTACAGCACTAAATTTTATTTTTTTCCCTTAAGAAGTTGTTAAGGACTATCTTGTTAAATGCTCGGAGGGCCCTGACTCGATCCTTTAGTCCCCGGCGATAAATGAGCTAAGAATACGTGCCTGAGACAAC,ygiW_predicted,ATCAGCATGTCATCTTCTATCAGTAAAATTCGCATTTTTTCATCCCTGCGATAACCGTATTTGCTGCCAGTAAACCGTGTTGTAACGCGCTCTGTACAGCACTAAATTTTATTTTTTTCCCTTAAGAAGTTGTTAAGGACTATCTTGTTAAATGCTCGGA,"(100, (1, 20))","(100, (231, 250))","(115, (193, 211))","(207, (212, 230))",SpeI,ApaI,ygiW_predicted_0
"[""zapB""]",ACCTGTAATTCCAAGCGTCTACTAGTTTTCGATTGATGTGGATTATGTCACCAGGAGAAGGATGAAAAGTGTGGCAAACCGTAATCTGCAAGGCGTGCCGCTGGACAGCGATGGCGCGGCTTCATACAATCGGAGCTAACTAAAGTGCGCTCGTATTTATTAAGGCGTCACCGGTAATCGGGACGAGGGCCCTGACTCGATCCTTTAGTCCCCGGCGATAAATGAGCTAAGAATACGTGCCTGAGACAAC,zapB_predicted,TTTCGATTGATGTGGATTATGTCACCAGGAGAAGGATGAAAAGTGTGGCAAACCGTAATCTGCAAGGCGTGCCGCTGGACAGCGATGGCGCGGCTTCATACAATCGGAGCTAACTAAAGTGCGCTCGTATTTATTAAGGCGTCACCGGTAATCGGGACGA,"(100, (1, 20))","(100, (231, 250))","(115, (193, 211))","(207, (212, 230))",SpeI,ApaI,zapB_predicted_0
"[""yacH""]",ACCTGTAATTCCAAGCGTCTACTAGTGGATTTTGACGAGGTGTTAATCTGTTTACAAAAAAGCAACATAAAAAAGTGGCTGAATCGTTAAGGATGGTCTAGAGATTGTTTCCCTCCGTAAAAACTTCGTTAATTCGCATGGTGATAATCACCTTTCTCAACGAATCCCAAGATTAGTCAAAATTTAGGGCCCTGACTCGATCCTTTAGTCCTGATAGCCAGCGAAACGATGAATACGTGCCTGAGACAAC,yacH_predicted,GGATTTTGACGAGGTGTTAATCTGTTTACAAAAAAGCAACATAAAAAAGTGGCTGAATCGTTAAGGATGGTCTAGAGATTGTTTCCCTCCGTAAAAACTTCGTTAATTCGCATGGTGATAATCACCTTTCTCAACGAATCCCAAGATTAGTCAAAATTTA,"(100, (1, 20))","(100, (231, 250))","(115, (193, 211))","(204, (212, 230))",SpeI,ApaI,yacH_predicted_0
"[""yadG"", ""yadH""]",ACCTGTAATTCCAAGCGTCTACTAGTTTCCACCAGCATTTTTGACCATAGTGCATTGTTGCTGATGAGTGTATCTATGTCTTTCATGGAGGTTAACGACCTGTAACCAAATAATTACGTTTGGCTAATATAGGGCAACTCCGGGACGATTTAAACCACAGATAAAGTGTAAGAACGTAAGGTAAGTGGGCCCACGCTTTGTGTTATCCGATTGATAGCCAGCGAAACGATGAATACGTGCCTGAGACAAC,yadG_yadH_predicted,TTCCACCAGCATTTTTGACCATAGTGCATTGTTGCTGATGAGTGTATCTATGTCTTTCATGGAGGTTAACGACCTGTAACCAAATAATTACGTTTGGCTAATATAGGGCAACTCCGGGACGATTTAAACCACAGATAAAGTGTAAGAACGTAAGGTAAGT,"(100, (1, 20))","(100, (231, 250))","(116, (193, 211))","(204, (212, 230))",SpeI,ApaI,yadG_yadH_predicted_0
"[""yadI""]",ACCTGTAATTCCAAGCGTCTACTAGTGGTCGCTGATCCAACGTGGACGTGGTTTGCGTAGCTAAGGCTATTTCCTCTCCTCTGGATTTGGGGGAGAGGAGTTTTGACGGCTATCACCCTTTATCAACAATGGTCAGGGTAGACTGATTTTCGGCTAAGGAGGAAGGCGATGTTAGGTTGGGTAATTGGGCCCACGCTTTGTGTTATCCGATTGATAGCCAGCGAAACGATGAATACGTGCCTGAGACAAC,yadI_predicted,GGTCGCTGATCCAACGTGGACGTGGTTTGCGTAGCTAAGGCTATTTCCTCTCCTCTGGATTTGGGGGAGAGGAGTTTTGACGGCTATCACCCTTTATCAACAATGGTCAGGGTAGACTGATTTTCGGCTAAGGAGGAAGGCGATGTTAGGTTGGGTAATT,"(100, (1, 20))","(100, (231, 250))","(116, (193, 211))","(204, (212, 230))",SpeI,ApaI,yadI_predicted_0
"[""yadE""]",ACCTGTAATTCCAAGCGTCTACTAGTCGGAGGTGAGTAGTCTTTGGCACCAACAACAAAAAAATCCGCCTTTCGTCCTCAAACATAATTTGTATGAGTATTAACCCGCGATTCTGATGGCGCTTTTGCTACAATAAAAGCGTTGTTTCACCCTCGGTTATTTTTTCATGTACAAACAAGCTGTTATGGGCCCACGCTTTGTGTTATCCGATTGATAGCCAGCGAAACGATGAATACGTGCCTGAGACAAC,yadE_predicted,CGGAGGTGAGTAGTCTTTGGCACCAACAACAAAAAAATCCGCCTTTCGTCCTCAAACATAATTTGTATGAGTATTAACCCGCGATTCTGATGGCGCTTTTGCTACAATAAAAGCGTTGTTTCACCCTCGGTTATTTTTTCATGTACAAACAAGCTGTTAT,"(100, (1, 20))","(100, (231, 250))","(116, (193, 211))","(204, (212, 230))",SpeI,ApaI,yadE_predicted_0
"[""yadL"", ""yadM"", ""yadC"", ""yadK""]",ACCTGTAATTCCAAGCGTCTACTAGTATCTTGAGAACGATGTTGAATTAAAAAGTACCAGTGCAGTAGCTGTACCGCGTCAGGGTTCAGTCGTCTTTGCTGATTTTGAAACCGTGCAAGGGCAATCAGCCATTATGAACATCACACGAAGTGATGGTAAAAATATTCCATTTGCTGCAGATATTTAGGGCCCACGCTTTGTGTTATCCGATTGATAGCCAGCGAAACGATGAATACGTGCCTGAGACAAC,yadL_yadM_yadC_yadK_predicted,ATCTTGAGAACGATGTTGAATTAAAAAGTACCAGTGCAGTAGCTGTACCGCGTCAGGGTTCAGTCGTCTTTGCTGATTTTGAAACCGTGCAAGGGCAATCAGCCATTATGAACATCACACGAAGTGATGGTAAAAATATTCCATTTGCTGCAGATATTTA,"(100, (1, 20))","(100, (231, 250))","(116, (193, 211))","(204, (212, 230))",SpeI,ApaI,yadL_yadM_yadC_yadK_predicted_0
"[""yadN""]",ACCTGTAATTCCAAGCGTCTACTAGTTGAATTAAGTAAATTTAATTTGTTCAAAAGCTTCTAAAGTGCACAATAGGCGACCTAATGAACAATGGTTGTAAATTTGGGTAACAAATATCATTGCTCATTAATATCTAACATTTGTTTCTCCTATTTGTGTCATGAATAGTCATTCTTCAAACATGTAGGGCCCACGCTTTGTGTTATCCGATTGATAGCCAGCGAAACGATGAATACGTGCCTGAGACAAC,yadN_predicted,TGAATTAAGTAAATTTAATTTGTTCAAAAGCTTCTAAAGTGCACAATAGGCGACCTAATGAACAATGGTTGTAAATTTGGGTAACAAATATCATTGCTCATTAATATCTAACATTTGTTTCTCCTATTTGTGTCATGAATAGTCATTCTTCAAACATGTA,"(100, (1, 20))","(100, (231, 250))","(116, (193, 211))","(204, (212, 230))",SpeI,ApaI,yadN_predicted_0
"[""yahC""]",ACCTGTAATTCCAAGCGTCTACTAGTTAATATCCGCTCCGGCATCAATTAATGCCTGAACGCAAGCATATTGCTGATATAAACTTGCCAGCGTAATTGCCGTTTTCCCCTGACGATCGCAGGTATTAATATCGACACCCAGCGCAAGGCAGGTTTTTACTTTATCGATATCACCCTGTTGTGCAGCGGGCCCACCACGGTGGAGTATACATTGATAGCCAGCGAAACGATGAATACGTGCCTGAGACAAC,yahC_predicted,TAATATCCGCTCCGGCATCAATTAATGCCTGAACGCAAGCATATTGCTGATATAAACTTGCCAGCGTAATTGCCGTTTTCCCCTGACGATCGCAGGTATTAATATCGACACCCAGCGCAAGGCAGGTTTTTACTTTATCGATATCACCCTGTTGTGCAGC,"(100, (1, 20))","(100, (231, 250))","(117, (193, 211))","(204, (212, 230))",SpeI,ApaI,yahC_predicted_0
"[""yahL""]",ACCTGTAATTCCAAGCGTCTACTAGTAACGTAAATTTAAATTGTTAAATTAACGCCCTCCAGTACACAATACTTCACACGTTAGTTATGAGCGATTTCTGATAGTGCCTGGTTTAATCAGAGCTTTATTATCTGCGACGTTTATTTTTATTTAAGAGAGATCGCGATGATATCATTAAAAGCTCCGGGGCCCACCACGGTGGAGTATACATTGATAGCCAGCGAAACGATGAATACGTGCCTGAGACAAC,yahL_predicted,AACGTAAATTTAAATTGTTAAATTAACGCCCTCCAGTACACAATACTTCACACGTTAGTTATGAGCGATTTCTGATAGTGCCTGGTTTAATCAGAGCTTTATTATCTGCGACGTTTATTTTTATTTAAGAGAGATCGCGATGATATCATTAAAAGCTCCG,"(100, (1, 20))","(100, (231, 250))","(117, (193, 211))","(204, (212, 230))",SpeI,ApaI,yahL_predicted_0
"[""tabA""]",ACCTGTAATTCCAAGCGTCTACTAGTAAGCGGCGCGCAGATATAGCCAAAACGGCGGCTGCGCTGGCTGTATGGTTCTTGAAGGTATTCATAGTCATGATCCACAAGCGCGTGATATTGCCGTTCAATATTATCACGCCGCAGAAACGACCATTTATGACTACATCGCCAGGCGGCATCCACAACGGGGCCCACCACGGTGGAGTATACATCGTAAGGACAGTAGCAAGGGAATACGTGCCTGAGACAAC,tabA_predicted,AAGCGGCGCGCAGATATAGCCAAAACGGCGGCTGCGCTGGCTGTATGGTTCTTGAAGGTATTCATAGTCATGATCCACAAGCGCGTGATATTGCCGTTCAATATTATCACGCCGCAGAAACGACCATTTATGACTACATCGCCAGGCGGCATCCACAACG,"(100, (1, 20))","(100, (231, 250))","(117, (193, 211))","(201, (212, 230))",SpeI,ApaI,tabA_predicted_0
"[""ratA"", ""yfjF""]",ACCTGTAATTCCAAGCGTCTACTAGTTGTTTCTTACCTTTGGCGACGCCGATTTTCACTTTGCACCAGGCATTTTTCCAGTACAGGGAGAGCGCCACTACGGTATAGCCTTCTCGATTGACGCGACCGTACAATGAGTCCAGTTCGCGCTGGTTGAGAAGTAACTTGCGGGTACGGGTAGGATCGCGGGCCCACCACGGTGGAGTATACATCGTAAGGACAGTAGCAAGGGAATACGTGCCTGAGACAAC,ratA_yfjF_predicted,TGTTTCTTACCTTTGGCGACGCCGATTTTCACTTTGCACCAGGCATTTTTCCAGTACAGGGAGAGCGCCACTACGGTATAGCCTTCTCGATTGACGCGACCGTACAATGAGTCCAGTTCGCGCTGGTTGAGAAGTAACTTGCGGGTACGGGTAGGATCGC,"(100, (1, 20))","(100, (231, 250))","(117, (193, 211))","(201, (212, 230))",SpeI,ApaI,ratA_yfjF_predicted_0
"[""intE"", ""xisE"", ""ymfH""]",ACCTGTAATTCCAAGCGTCTACTAGTGTTCAAATTTACAGACAAATATATTTGCGTCAACACCGGCACTGTTAGCAATTGAAAATGTTTGATCAAGGATTTGTTGGCAGTTCATTGTACTTTTGAGGATATATCCCTCTGGAATCAGTCTGCAGCAGCTATCGTCAGACTCTTTAACTGTTTTCTGGGGCCCACCACGGTGGAGTATACATGGAGAACGGTCAACTATCCGAATACGTGCCTGAGACAAC,intE_xisE_ymfH_predicted,GTTCAAATTTACAGACAAATATATTTGCGTCAACACCGGCACTGTTAGCAATTGAAAATGTTTGATCAAGGATTTGTTGGCAGTTCATTGTACTTTTGAGGATATATCCCTCTGGAATCAGTCTGCAGCAGCTATCGTCAGACTCTTTAACTGTTTTCTG,"(100, (1, 20))","(100, (231, 250))","(117, (193, 211))","(205, (212, 230))",SpeI,ApaI,intE_xisE_ymfH_predicted_0
"[""ymfM"", ""beeE"", ""jayE"", ""ymfL"", ""ymfR"", ""tfaP"", ""ymfT"", ""ymfN"", ""ycfK"", ""ymfQ""]",ACCTGTAATTCCAAGCGTCTACTAGTGGGATACGTTTCTGCTGTGCTCAAATCAACCTCAGAATATCCAACTTCTTTCCATGCTCCGGCCTGTACCCATGATATGACAGGGACTAATGTGATTTGTTTATTAGTGATTGAAACATCAGGTTTTTTTGTGATGTTCGTTGTCTGGTGTTCTTGATCGGGGCCCGGCACCAGGTACATATCTCGGAGAACGGTCAACTATCCGAATACGTGCCTGAGACAAC,ymfM_beeE_jayE_ymfL_ymfR_tfaP_ymfT_ymfN_ycfK_ymfQ_predicted,GGGATACGTTTCTGCTGTGCTCAAATCAACCTCAGAATATCCAACTTCTTTCCATGCTCCGGCCTGTACCCATGATATGACAGGGACTAATGTGATTTGTTTATTAGTGATTGAAACATCAGGTTTTTTTGTGATGTTCGTTGTCTGGTGTTCTTGATCG,"(100, (1, 20))","(100, (231, 250))","(118, (193, 211))","(205, (212, 230))",SpeI,ApaI,ymfM_beeE_jayE_ymfL_ymfR_tfaP_ymfT_ymfN_ycfK_ymfQ_predicted_0
"[""tfaE"", ""stfE""]",ACCTGTAATTCCAAGCGTCTACTAGTTGTCCTGAGCAGTTTTTTCAGTCCCGGCCTTTCGGACTTTGTGCCGCTTATCTTGTCTTCAAAAATCAGCTCGCATCCTGCACAGTTCAGCGCATTACGTTGTAGATCTGTGTTCTGGTCATTTGTTGATACGCGTACATAGCCAATAAGCATGTTAAATGGGCCCGGCACCAGGTACATATCTCGGAGAACGGTCAACTATCCGAATACGTGCCTGAGACAAC,tfaE_stfE_predicted,TGTCCTGAGCAGTTTTTTCAGTCCCGGCCTTTCGGACTTTGTGCCGCTTATCTTGTCTTCAAAAATCAGCTCGCATCCTGCACAGTTCAGCGCATTACGTTGTAGATCTGTGTTCTGGTCATTTGTTGATACGCGTACATAGCCAATAAGCATGTTAAAT,"(100, (1, 20))","(100, (231, 250))","(118, (193, 211))","(205, (212, 230))",SpeI,ApaI,tfaE_stfE_predicted_0
"[""icdC""]",ACCTGTAATTCCAAGCGTCTACTAGTTCCGAATTGCCATAGAGAATTGCACTATAGTAAAAATGCAAAAGAACTAATCGAGATGCTTTACGTTAATATAAACCGATTACAGAAATAAAATTATTTATTAAAGTCACATTTAAGACGTAATACCCTACAGGGTAAAAATTTTCTCTGATCTTAACTTGGGCCCGGCACCAGGTACATATCTCGGAGAACGGTCAACTATCCGAATACGTGCCTGAGACAAC,icdC_predicted,TCCGAATTGCCATAGAGAATTGCACTATAGTAAAAATGCAAAAGAACTAATCGAGATGCTTTACGTTAATATAAACCGATTACAGAAATAAAATTATTTATTAAAGTCACATTTAAGACGTAATACCCTACAGGGTAAAAATTTTCTCTGATCTTAACTT,"(100, (1, 20))","(100, (231, 250))","(118, (193, 211))","(205, (212, 230))",SpeI,ApaI,icdC_predicted_0
"[""ybiY"", ""ybiW""]",ACCTGTAATTCCAAGCGTCTACTAGTGAAGTATCCAGATACAGTTCCATAACCATCCTCAAAATGTACTTTTTGTCTGAATGTAGACTATCACGGGAAAACTCTCTGAACAGTTGACGCACATCAATCTAACTTTCATTCGAAAGTATTTTAATGCTTGAACGAAATAGAGAGGCAACTATGATTTGGGCCCGGCACCAGGTACATATCTCGGAACCGACAATGTGTGAAGAATACGTGCCTGAGACAAC,ybiY_ybiW_predicted,GAAGTATCCAGATACAGTTCCATAACCATCCTCAAAATGTACTTTTTGTCTGAATGTAGACTATCACGGGAAAACTCTCTGAACAGTTGACGCACATCAATCTAACTTTCATTCGAAAGTATTTTAATGCTTGAACGAAATAGAGAGGCAACTATGATTT,"(100, (1, 20))","(100, (231, 250))","(118, (193, 211))","(206, (212, 230))",SpeI,ApaI,ybiY_ybiW_predicted_0
"[""ygeW""]",ACCTGTAATTCCAAGCGTCTACTAGTTAGCCTGCCCCTTTATCTTATTTCTGATACTTAGCAGCAAATAAATAACGCGATAAAAAAAGCCAAACGTTTTCGTATTTTACAAACAACCAGAAGCTGGCATCAATTTGTGATCAACCCCACACATTATCCGTCAAATTAGTCTTTTGCAGCCGCGCGGGGGCCCGGCACCAGGTACATATCTCGGAACCGACAATGTGTGAAGAATACGTGCCTGAGACAAC,ygeW_predicted,TAGCCTGCCCCTTTATCTTATTTCTGATACTTAGCAGCAAATAAATAACGCGATAAAAAAAGCCAAACGTTTTCGTATTTTACAAACAACCAGAAGCTGGCATCAATTTGTGATCAACCCCACACATTATCCGTCAAATTAGTCTTTTGCAGCCGCGCGG,"(100, (1, 20))","(100, (231, 250))","(118, (193, 211))","(206, (212, 230))",SpeI,ApaI,ygeW_predicted_0
"[""ygeX""]",ACCTGTAATTCCAAGCGTCTACTAGTAGCTGATATCAGCGGCGTATCCTGTAAAGAAGGTGAAGTGACTGAAGGCGTATTCGAAAAATACCGTATCGCTACCTACAAAGAAGCCAGCTGGAAGCCTTATATCATCGCCGCGATGATCCTGTCCCGTAAATACGCCAAACCAGGTGCACTGCTCGAGGGGCCCACAACGATAGGCCCAAGAAGGAACCGACAATGTGTGAAGAATACGTGCCTGAGACAAC,ygeX_predicted,AGCTGATATCAGCGGCGTATCCTGTAAAGAAGGTGAAGTGACTGAAGGCGTATTCGAAAAATACCGTATCGCTACCTACAAAGAAGCCAGCTGGAAGCCTTATATCATCGCCGCGATGATCCTGTCCCGTAAATACGCCAAACCAGGTGCACTGCTCGAG,"(100, (1, 20))","(100, (231, 250))","(119, (193, 211))","(206, (212, 230))",SpeI,ApaI,ygeX_predicted_0
"[""ygeY""]",ACCTGTAATTCCAAGCGTCTACTAGTTGGTGCTGGTTATCAGCACTGAAGGCGACACCGACGTGAAGCACTACCGCGAAGTTGTCTGGGAAGGCAAACACGCTGTAGCACCTTAATCACCCTATTGGAACTGCTCCCTGCAAAACGGGGAGTAAAAAATCTGGAGAAAAATAATGGCTAAGAATATGGGCCCACAACGATAGGCCCAAGAAGGAACCGACAATGTGTGAAGAATACGTGCCTGAGACAAC,ygeY_predicted,TGGTGCTGGTTATCAGCACTGAAGGCGACACCGACGTGAAGCACTACCGCGAAGTTGTCTGGGAAGGCAAACACGCTGTAGCACCTTAATCACCCTATTGGAACTGCTCCCTGCAAAACGGGGAGTAAAAAATCTGGAGAAAAATAATGGCTAAGAATAT,"(100, (1, 20))","(100, (231, 250))","(119, (193, 211))","(206, (212, 230))",SpeI,ApaI,ygeY_predicted_0
"[""hyuA""]",ACCTGTAATTCCAAGCGTCTACTAGTCGCTGGACGAAATCCGCGCCCTGCCTGCAGTACAGAAAGCTAACGCGGTTGTTTCTATGTACAACTACGACCGTCCGTCCTGGACTGGCCTGGTTTACCCAACCGAATGCTACTTCCCGACCTGGAAAGTGGAAGAAGATCACTTCACCGTTAAAGCACTGGGCCCACAACGATAGGCCCAAGAAGGAACCGACAATGTGTGAAGAATACGTGCCTGAGACAAC,hyuA_predicted,CGCTGGACGAAATCCGCGCCCTGCCTGCAGTACAGAAAGCTAACGCGGTTGTTTCTATGTACAACTACGACCGTCCGTCCTGGACTGGCCTGGTTTACCCAACCGAATGCTACTTCCCGACCTGGAAAGTGGAAGAAGATCACTTCACCGTTAAAGCACT,"(100, (1, 20))","(100, (231, 250))","(119, (193, 211))","(206, (212, 230))",SpeI,ApaI,hyuA_predicted_0
"[""ygfM"", ""xdhD""]",ACCTGTAATTCCAAGCGTCTACTAGTTCGGACATGTTTGAAGAGATGAAATTTGCCTTCTTTAAACATCGCGATGCGGGTGGTCCGCTGTGGCCTGACAGTTTTGCCAAAGCCCTGACTAACGGTAACGAACTGATGAGCCGCAACTTTGGCGCGAAATTTGGGCTTCTGGAAGCCGGTTACAAAGGGGCCCACAACGATAGGCCCAAGAAGGAACCGACAATGTGTGAAGAATACGTGCCTGAGACAAC,ygfM_xdhD_predicted,TCGGACATGTTTGAAGAGATGAAATTTGCCTTCTTTAAACATCGCGATGCGGGTGGTCCGCTGTGGCCTGACAGTTTTGCCAAAGCCCTGACTAACGGTAACGAACTGATGAGCCGCAACTTTGGCGCGAAATTTGGGCTTCTGGAAGCCGGTTACAAAG,"(100, (1, 20))","(100, (231, 250))","(119, (193, 211))","(206, (212, 230))",SpeI,ApaI,ygfM_xdhD_predicted_0
"[""ygfS"", ""ygfT""]",ACCTGTAATTCCAAGCGTCTACTAGTAGTGCCAGTTTTTGCGAGGAAGGGGAGTTAGAGACAGGAATTGCGGAGGCAATCACATAATCGTGGTTAAACCACGAAAATGAGAAGAGAACCTGACAATGGAATTATCTGTAATTTTCTCATATTGATATTTCATTAATCATTCTGGCATGTCGCACTCGGGCCCACAACGATAGGCCCAAGAAGGAACCGACAATGTGTGAAGAATACGTGCCTGAGACAAC,ygfS_ygfT_predicted,AGTGCCAGTTTTTGCGAGGAAGGGGAGTTAGAGACAGGAATTGCGGAGGCAATCACATAATCGTGGTTAAACCACGAAAATGAGAAGAGAACCTGACAATGGAATTATCTGTAATTTTCTCATATTGATATTTCATTAATCATTCTGGCATGTCGCACTC,"(100, (1, 20))","(100, (231, 250))","(119, (193, 211))","(206, (212, 230))",SpeI,ApaI,ygfS_ygfT_predicted_0
"[""uacT""]",ACCTGTAATTCCAAGCGTCTACTAGTAAACTTATTCATTTGCATCCCTTTCATTTAATGAGTTATGTCTTCTCAAATTTCGCGATGCAATAAACGGGCATATATTAGGTAGCATGACCGTTTTAATTATAATTTTGCGACTGAGTTCAAATTATTGCCCCTCAATCTATGCCGCTTTCATTATTTCGGGCCCACGACGGCTGTATATGGTTGGAACCGACAATGTGTGAAGAATACGTGCCTGAGACAAC,uacT_predicted,AAACTTATTCATTTGCATCCCTTTCATTTAATGAGTTATGTCTTCTCAAATTTCGCGATGCAATAAACGGGCATATATTAGGTAGCATGACCGTTTTAATTATAATTTTGCGACTGAGTTCAAATTATTGCCCCTCAATCTATGCCGCTTTCATTATTTC,"(100, (1, 20))","(100, (231, 250))","(120, (193, 211))","(206, (212, 230))",SpeI,ApaI,uacT_predicted_0
